Attendance,Assignment Completion,Test Score,Practical Score,Exam Score,Performance
95,86,12,17,33,B
78,92,19,14,26,C
97,87,23,11,35,B
74,69,12,9,19,D
62,74,10,17,19,D
85,81,25,17,38,A
83,77,22,23,14,C
85,84,13,14,35,B
62,65,15,16,16,D
88,90,9,21,23,C
63,74,13,10,18,D
77,83,18,22,12,C
92,91,14,9,46,B
83,82,25,8,34,B
67,65,10,8,18,E
75,74,13,16,12,D
77,97,11,22,32,B
95,82,22,13,22,C
94,87,22,11,33,B
95,80,9,16,43,B
96,94,8,25,39,A
86,84,20,8,35,B
81,97,10,15,49,A
83,92,20,22,29,A
85,76,24,9,20,C
91,81,9,14,38,B
81,81,13,21,24,C
82,91,17,23,19,C
82,98,9,19,22,C
90,90,14,25,14,C
97,98,10,23,18,C
75,85,10,23,20,C
90,81,18,23,23,B
79,87,25,16,36,A
89,92,15,12,32,C
96,81,16,9,43,B
97,78,8,14,29,C
86,83,12,13,37,B
90,81,19,24,18,B
64,63,10,9,12,E
61,67,18,19,8,D
84,79,9,25,16,C
76,93,20,10,42,A
66,62,11,9,21,D
68,63,13,18,17,D
92,76,9,13,49,A
98,94,15,24,34,A
79,96,11,22,42,A
81,79,10,16,33,C
96,93,18,18,46,A
64,63,14,21,14,D
98,89,19,19,12,C
72,71,10,20,8,E
76,75,10,10,30,C
87,79,21,12,31,B
79,76,22,9,48,A
93,84,20,20,12,C
93,78,16,21,23,B
98,82,15,8,39,B
87,96,22,21,14,C
96,94,23,22,37,A
92,82,17,21,44,A
98,93,10,20,24,C
90,78,25,23,34,A
98,90,22,10,38,A
95,94,21,19,37,A
86,88,22,9,42,A
97,96,19,12,25,C
82,94,22,23,16,B
91,95,15,19,23,C
78,78,12,21,19,C
63,71,13,8,25,D
71,62,10,18,8,E
94,83,11,9,46,B
70,70,13,10,12,E
88,90,20,16,31,B
79,92,19,18,37,A
75,82,13,24,35,A
84,78,24,24,46,A
82,96,16,21,50,A
83,92,16,17,40,A
62,69,10,9,12,E
75,92,14,25,13,C
87,76,8,22,21,C
86,86,19,17,40,A
80,97,16,19,22,C
65,74,25,9,13,D
80,82,14,16,29,C
89,95,11,18,23,C
80,77,15,25,27,B
94,80,16,10,31,C
85,92,11,16,41,B
62,70,16,11,22,D
97,78,9,13,50,A
84,88,23,10,37,A
86,86,19,8,26,C
75,86,8,23,19,C
79,85,11,8,44,B
84,95,11,23,36,A
74,66,12,10,14,E
83,77,23,9,25,C
97,77,25,19,9,C
97,78,19,16,17,C
81,99,9,22,41,A
75,88,15,13,36,B
91,86,22,19,22,B
94,87,13,12,26,C
73,69,16,8,9,E
75,95,21,17,33,A
77,79,25,13,23,B
98,96,19,25,29,A
88,79,23,21,17,B
87,93,13,8,33,C
23,27,8,11,9,F
91,80,23,25,46,A
22,38,10,9,8,F
66,73,11,10,13,E
99,90,15,16,27,C
97,97,12,24,35,A
94,78,14,14,40,B
63,63,9,15,10,E
92,93,24,14,14,C
85,77,24,22,42,A
95,77,16,22,14,C
61,72,18,16,10,D
79,96,17,10,25,C
85,87,9,22,37,B
78,81,19,25,32,A
99,75,19,19,33,A
64,66,13,23,8,D
92,86,9,25,28,B
75,91,17,23,17,C
85,86,9,9,45,B
80,79,22,17,48,A
66,75,10,10,15,E
95,82,15,18,27,B
90,78,18,8,45,A
80,91,18,8,36,B
89,88,16,9,40,B
76,85,18,9,42,B
90,99,9,12,48,B
98,89,12,19,30,B
91,92,21,13,41,A
96,86,18,25,28,A
66,62,19,14,9,D
89,94,19,8,25,C
60,60,13,20,15,D
99,80,21,23,37,A
96,95,18,23,17,C
85,99,25,23,42,A
78,96,20,13,26,C
98,83,25,22,14,B
91,93,12,11,30,C
77,92,17,25,18,B
79,92,21,9,23,C
78,87,25,19,20,B
91,98,9,20,26,C
88,93,16,25,19,B
82,90,19,21,31,A
76,81,20,17,30,B
96,84,17,10,40,B
79,75,19,20,36,A
86,82,25,12,20,C
71,68,17,14,12,D
75,69,13,8,20,D
84,82,24,17,22,B
92,82,19,22,28,B
78,77,22,15,31,B
63,61,23,9,11,D
78,77,25,20,25,A
63,75,11,12,14,E
88,82,8,12,42,B
64,67,15,9,9,E
98,96,13,11,27,C
97,85,15,16,46,A
84,83,9,11,36,C
91,77,25,15,43,A
99,87,24,22,17,B
77,76,20,20,27,B
79,79,10,17,47,A
61,74,19,9,19,D
87,89,12,19,22,C
93,89,12,18,31,B
98,89,9,12,41,B
95,97,23,15,16,C
91,80,24,24,31,A
78,90,20,23,43,A
78,83,25,14,41,A
79,93,24,10,22,C
81,99,17,25,25,B
76,99,21,8,37,B
94,84,12,14,24,C
70,62,20,9,13,D
79,95,24,17,26,B
80,96,15,14,50,A
65,67,8,19,16,D
67,65,23,9,12,D
92,84,17,14,36,B
78,86,10,19,42,A
99,79,17,23,33,A
95,77,21,14,15,C
78,91,11,15,47,A
80,89,22,15,29,B
87,99,19,13,31,B
72,73,11,18,19,D
76,91,24,9,26,C
76,95,9,22,38,B
67,71,8,17,12,E
87,96,23,16,45,A
98,92,24,11,49,A
63,60,10,14,20,D
78,95,10,21,29,B
84,90,12,19,35,B
87,84,18,12,42,A
95,89,8,20,38,B
80,91,13,25,32,A
93,97,23,14,32,B
95,84,13,18,25,C
71,64,10,15,23,D
78,89,20,20,11,C
87,86,13,8,40,B
76,94,19,8,36,B
69,69,11,21,8,D
92,76,10,19,33,B
60,68,8,17,16,D
67,66,17,17,11,D
95,82,14,12,40,B
76,85,24,16,16,C
87,76,20,20,50,A
96,90,9,20,50,A
84,78,19,17,49,A
92,97,18,8,30,C
86,96,13,12,37,B
74,72,11,22,15,D
61,62,13,9,17,E
95,95,17,18,15,C
71,60,8,19,15,D
81,82,11,22,20,C
76,84,25,18,42,A
83,83,22,15,38,A
90,78,23,21,17,B
75,78,19,12,30,B
98,89,25,19,45,A
71,71,8,11,13,E
96,97,21,24,15,B
67,68,11,17,20,D
83,84,18,19,48,A
62,68,13,8,15,E
98,88,25,13,28,B
93,84,23,17,16,C
84,87,19,9,39,B
71,73,20,9,16,D
77,81,11,8,31,C
95,79,18,19,28,B
79,84,24,16,20,B
82,82,16,21,46,A
89,99,8,25,39,A
83,88,10,23,46,A
85,98,17,25,26,B
90,98,23,17,32,A
91,98,25,8,35,B
96,99,20,12,37,B
86,91,20,17,33,A
80,93,11,9,39,C
76,80,18,16,16,C
92,77,9,11,32,C
62,60,15,18,12,D
70,67,25,8,9,D
84,87,25,11,36,A
99,98,9,16,28,C
77,91,21,9,26,C
91,75,16,11,47,A
68,67,9,9,27,D
62,71,16,17,8,D
89,78,11,21,29,B
95,81,16,22,39,A
72,64,15,20,14,D
76,81,10,15,50,A
99,96,25,14,40,A
96,87,25,10,34,B
77,92,10,12,43,B
89,98,16,18,48,A
98,91,25,14,39,A
87,78,25,15,43,A
96,80,23,16,34,A
84,80,10,19,45,A
75,88,11,18,38,B
98,84,18,10,33,B
67,71,8,16,15,E
99,84,14,18,28,B
71,67,18,10,12,D
99,97,10,24,48,A
81,85,25,23,19,B
76,96,20,8,29,C
65,64,11,9,11,E
86,76,20,10,27,C
98,95,12,19,41,A
98,90,8,19,36,B
96,91,20,9,27,C
77,79,19,21,29,B
76,84,8,25,50,A
68,74,9,20,12,D
62,64,25,8,11,D
85,82,9,8,43,B
75,77,11,14,50,A
81,80,21,8,39,B
89,85,14,19,32,B
76,96,19,20,18,C
98,80,20,11,41,A
73,69,10,23,9,D
89,99,18,23,24,B
64,66,16,13,14,D
97,82,25,23,46,A
86,97,23,24,49,A
91,96,21,21,47,A
74,65,19,9,15,D
91,99,24,10,17,C
87,75,17,20,30,B
92,82,19,15,27,B
88,80,10,17,42,B
76,81,21,18,48,A
64,67,8,11,14,E
76,77,19,8,31,C
81,80,21,18,20,C
96,97,21,16,43,A
90,89,15,22,44,A
73,72,11,15,20,D
74,61,22,15,11,D
88,89,15,12,35,B
73,60,16,11,22,D
86,81,19,12,30,B
79,79,23,17,42,A
77,75,15,16,45,A
60,70,8,15,23,D
99,93,22,20,32,A
98,82,19,14,24,C
78,84,21,8,37,B
76,86,25,25,49,A
60,64,10,16,15,D
89,94,16,10,48,A
85,95,14,13,31,C
60,64,15,8,12,E
96,83,22,9,32,B
95,81,14,20,37,A
96,87,25,23,15,B
85,97,14,24,37,A
86,96,22,10,25,C
79,84,22,22,48,A
77,97,13,12,31,C
78,87,14,8,28,C
90,90,22,25,17,B
82,75,22,20,28,A
88,86,22,23,24,B
88,90,18,9,32,C
98,82,15,9,35,C
78,85,19,13,22,C
90,91,9,8,36,C
95,88,18,25,26,B
72,61,20,9,20,D
85,85,13,24,32,B
98,75,9,22,23,C
90,79,12,22,20,C
73,69,18,9,12,E
92,98,12,13,42,B
78,83,21,8,44,A
72,70,12,21,15,D
91,91,20,21,15,C
94,96,10,11,47,B
95,83,8,21,26,C
73,75,17,12,10,E
86,75,15,20,48,A
82,98,14,10,43,B
84,90,12,10,44,B
84,82,10,21,50,A
85,99,19,25,24,B
87,96,8,22,32,B
95,90,10,16,33,C
85,79,16,21,27,B
80,79,12,12,42,B
99,91,11,16,26,C
61,64,16,9,21,D
94,86,17,14,30,B
88,80,25,22,16,B
77,79,23,13,50,A
86,76,16,23,26,B
97,97,20,23,29,A
75,80,8,21,26,C
99,79,25,10,43,A
97,93,16,8,33,C
96,77,9,18,40,B
82,98,25,17,46,A
89,81,20,14,28,B
79,95,14,16,24,C
72,66,9,10,16,E
96,87,13,25,32,A
90,82,23,9,18,C
63,67,15,12,19,D
75,96,23,20,17,B
62,61,11,14,16,D
67,68,12,10,9,E
82,80,17,8,27,C
91,88,16,21,29,B
68,74,18,9,13,D
91,86,21,11,36,B
99,92,18,19,45,A
62,68,16,12,17,D
88,83,18,18,15,C
94,75,11,24,23,C
69,62,12,8,20,D
89,86,20,10,28,C
85,88,11,12,39,B
85,96,10,18,41,B
75,98,8,24,47,A
81,90,18,25,25,B
78,79,8,18,46,A
90,92,16,11,45,A
67,72,17,15,10,D
99,85,9,24,44,A
63,66,16,18,14,D
62,65,12,12,13,E
95,77,21,18,39,A
88,98,11,20,34,B
97,83,21,18,17,C
97,93,25,11,22,C
82,91,14,25,31,A
84,81,12,10,35,C
97,81,20,9,39,B
86,75,14,21,43,A
79,92,9,8,46,B
68,70,15,17,14,D
68,73,16,10,13,E
98,99,14,14,28,C
94,81,16,9,45,A
89,87,15,21,27,B
95,97,15,20,32,B
99,76,19,19,18,C
75,85,19,19,43,A
82,99,12,14,39,B
78,79,14,15,37,B
81,93,22,17,33,A
77,75,24,17,47,A
97,75,22,16,12,C
81,80,9,13,35,C
98,76,11,21,24,C
86,75,22,23,34,A
92,77,11,22,41,A
67,70,22,14,8,D
89,98,9,20,45,A
61,70,16,15,10,D
94,87,17,10,43,A
89,88,12,22,21,C
96,98,25,19,37,A
93,80,11,18,41,A
92,98,9,24,28,B
92,76,13,21,49,A
80,78,24,11,24,C
71,66,24,11,9,D
92,89,18,22,33,A
99,81,17,13,32,B
81,84,21,20,50,A
96,86,21,16,27,B
99,79,16,17,20,C
94,97,24,19,46,A
95,80,20,19,16,C
96,97,17,17,16,C
72,68,16,21,11,D
93,75,22,19,35,A
73,65,8,21,10,E
75,75,17,14,10,D
97,83,12,18,42,A
90,75,15,19,23,C
66,67,25,13,11,D
83,79,15,14,22,C
75,80,10,11,43,B
95,85,19,22,50,A
88,75,24,20,20,B
79,84,19,22,46,A
72,71,13,18,12,D
81,91,21,23,12,C
92,78,22,10,45,A
71,71,9,11,25,D
82,91,25,11,34,A
94,93,25,14,44,A
84,83,11,22,48,A
72,73,12,14,16,D
69,71,25,8,13,D
73,74,9,13,27,D
62,75,8,14,19,D
96,86,13,17,48,A
94,84,19,11,20,C
97,94,12,21,44,A
84,77,17,16,23,C
78,88,13,10,32,C
90,81,25,15,32,A
70,67,14,10,19,D
78,80,18,21,12,C
89,90,13,17,44,A
95,81,13,15,44,A
89,97,12,15,35,B
89,95,25,9,23,C
87,84,25,21,23,B
67,62,16,16,14,D
64,63,12,21,8,D
74,63,8,18,9,E
94,91,8,13,48,B
82,82,13,14,32,C
68,61,15,16,16,D
99,80,21,12,39,A
84,91,11,11,43,B
66,70,10,16,22,D
93,89,19,18,48,A
93,93,21,8,28,C
83,81,21,24,16,B
78,89,13,14,25,C
78,92,16,12,40,B
75,98,23,15,40,A
96,84,16,14,27,C
77,84,16,20,16,C
99,92,17,14,35,B
93,82,9,18,41,B
89,95,14,23,32,B
93,88,18,20,39,A
96,92,17,18,21,C
98,89,13,24,50,A
77,84,19,13,21,C
69,74,11,10,12,E
86,83,19,8,23,C
91,87,17,22,25,B
97,84,22,17,17,C
98,89,17,20,24,B
87,92,18,25,18,B
95,97,21,20,45,A
92,90,17,20,24,B
80,87,19,20,13,C
89,79,19,17,32,B
64,72,11,12,14,E
98,96,11,17,40,B
75,90,19,24,49,A
60,71,12,20,10,D
99,95,20,15,19,C
85,75,11,13,39,B
93,78,23,22,47,A
80,84,13,23,42,A
95,93,18,10,26,C
84,84,13,15,25,C
95,76,17,23,28,B
67,65,11,22,14,D
79,78,8,17,45,A
89,78,14,11,29,C
83,84,17,9,39,B
83,98,13,25,34,A
89,95,16,8,41,B
74,65,15,17,17,D
77,78,23,10,46,A
94,89,11,16,40,B
90,84,21,23,43,A
75,70,14,25,9,D
84,76,15,9,31,C
74,69,11,17,16,D
79,99,12,12,35,C
95,75,25,8,40,A
92,77,23,18,29,A
88,84,18,19,32,B
80,76,24,16,12,C
93,97,12,19,27,C
96,98,12,21,22,C
64,74,22,10,14,D
87,94,25,15,31,A
89,99,21,16,15,C
90,90,11,24,45,A
75,83,23,14,34,A
86,94,24,21,29,A
90,85,20,16,31,B
82,81,20,10,28,C
79,86,23,24,45,A
88,82,11,25,25,B
87,96,24,23,16,B
89,87,18,10,23,C
90,98,22,19,23,B
61,67,10,19,11,D
97,78,20,24,9,C
86,92,25,9,50,A
86,82,25,10,20,C
97,95,13,8,38,C
77,76,14,10,30,C
63,67,23,10,16,D
75,75,8,20,13,D
93,87,17,10,41,B
91,87,13,24,36,A
85,77,10,23,19,C
66,62,9,23,12,D
76,80,16,24,26,B
80,98,12,15,23,C
83,95,12,22,46,A
92,75,19,19,48,A
82,77,11,8,50,B
89,90,15,20,34,B
78,94,25,24,41,A
77,96,24,15,41,A
83,94,8,15,35,C
73,60,20,9,14,D
76,91,9,22,35,B
78,80,17,21,33,A
87,83,18,12,50,A
99,80,18,14,41,A
96,76,17,17,36,A
82,92,17,17,18,C
60,67,20,9,9,E
75,93,11,10,33,C
77,78,22,25,39,A
80,87,25,20,48,A
62,64,10,21,11,D
95,99,19,14,50,A
76,94,23,12,36,A
95,90,23,22,44,A
77,86,10,24,33,B
69,63,8,11,11,E
76,75,21,25,45,A
64,60,9,12,12,E
76,93,16,25,45,A
88,97,21,11,23,C
81,78,22,25,17,B
78,76,23,15,23,B
90,90,23,15,41,A
92,78,9,21,38,B
60,60,10,17,22,D
97,87,23,19,40,A
87,90,9,9,41,C
87,76,14,17,29,B
85,75,19,17,37,A
71,70,8,22,17,D
97,77,16,14,24,C
70,61,12,15,13,D
89,87,20,21,34,A
97,76,22,19,15,C
89,97,14,20,24,C
88,84,10,20,41,A
74,64,14,11,22,D
90,84,20,21,15,C
86,99,9,15,44,B
93,82,11,24,42,A
96,98,22,16,40,A
85,96,21,14,45,A
83,95,12,22,40,A
74,61,12,13,20,D
99,78,8,20,22,C
32,26,9,9,11,F
88,91,13,13,32,C
85,87,16,13,29,C
95,83,23,25,17,B
78,93,17,19,32,B
84,82,18,20,27,B
86,75,21,22,20,B
72,69,15,15,16,D
91,76,24,11,28,B
62,71,12,22,15,D
66,75,8,23,18,D
93,96,9,20,32,B
94,80,17,12,50,A
81,88,22,15,45,A
66,69,10,12,13,E
67,75,21,9,12,D
79,82,24,15,45,A
80,94,25,17,31,A
98,84,16,12,29,C
91,92,24,20,24,B
67,68,8,16,18,D
92,98,14,11,48,A
77,80,17,24,9,C
88,99,13,21,45,A
85,78,14,19,35,B
99,80,24,11,43,A
61,67,21,9,18,D
98,97,21,22,16,C
82,98,19,22,47,A
97,88,12,11,33,C
72,65,20,15,10,D
79,79,19,24,50,A
93,84,24,14,49,A
83,77,22,20,40,A
78,90,11,11,50,A
75,81,23,17,48,A
63,72,10,11,24,D
99,89,14,22,35,A
75,61,19,13,17,D
80,96,20,10,25,C
62,60,11,15,23,D
85,89,22,9,19,C
90,90,20,18,19,C
81,99,9,14,33,C
82,90,9,11,49,B
77,86,20,20,34,A
82,81,8,19,32,C
75,87,17,19,41,A
78,83,20,13,44,A
80,95,25,19,36,A
79,98,11,8,41,B
76,79,18,17,47,A
66,62,9,15,23,D
70,75,13,14,10,E
77,79,8,12,50,A
96,98,16,17,26,C
83,76,18,9,48,A
79,96,15,22,32,B
76,91,13,25,50,A
85,92,15,25,17,C
91,79,8,9,39,C
64,70,10,11,18,E
96,80,24,22,26,A
84,85,13,21,43,A
71,71,9,11,14,E
81,75,14,19,36,B
65,68,12,12,9,E
63,72,15,20,11,D
99,80,20,15,33,B
73,69,10,18,17,D
75,89,23,8,32,B
90,75,19,17,36,A
99,83,17,15,32,B
80,84,17,19,24,B
88,98,18,12,24,C
85,86,15,24,50,A
66,64,15,11,17,D
73,62,10,20,8,E
83,78,20,24,38,A
83,90,25,14,30,B
97,88,23,13,15,C
93,95,9,23,45,A
82,96,24,12,24,B
80,84,22,13,20,C
86,75,8,10,39,C
81,93,10,9,50,B
83,75,18,18,29,B
94,87,20,11,40,A
88,83,24,13,22,C
88,91,13,8,38,C
82,78,25,17,14,C
89,83,24,22,28,A
94,85,20,15,22,C
84,86,16,23,48,A
75,92,25,15,49,A
84,82,24,13,26,B
76,89,21,20,30,A
88,89,9,21,24,C
81,94,24,9,28,B
91,81,24,9,48,A
84,93,19,20,41,A
90,82,20,8,34,B
90,87,9,18,39,B
77,89,21,22,19,B
83,78,18,19,24,B
80,86,23,19,19,B
86,97,14,23,26,B
72,64,13,9,17,E
96,87,20,13,17,C
87,83,10,15,26,C
84,84,15,25,46,A
86,77,24,23,17,B
92,98,15,9,46,A
64,68,10,11,14,E
78,76,13,25,31,B
92,93,12,13,50,A
68,75,14,18,17,D
64,70,17,9,21,D
78,99,11,23,44,A
89,78,11,18,30,C
72,67,13,12,17,D
75,82,21,20,27,B
67,69,9,17,11,E
95,78,8,8,36,C
76,89,20,16,33,B
84,87,22,23,36,A
96,90,24,24,24,A
80,89,19,22,23,B
90,80,12,8,46,B
92,93,13,18,47,A
70,63,14,21,9,D
83,94,21,25,39,A
98,93,11,10,48,B
93,99,14,23,16,C
96,96,25,21,24,A
64,69,17,11,9,E
79,89,18,20,14,C
95,96,12,13,34,C
88,97,11,16,42,B
93,85,15,8,39,B
75,64,8,19,21,D
68,68,13,14,8,E
99,78,10,9,35,C
75,90,23,16,34,A
91,75,11,14,47,A
77,89,14,23,30,B
97,83,16,19,30,B
98,98,15,24,22,B
87,88,18,20,19,C
94,77,22,18,36,A
74,63,8,11,20,E
84,98,21,19,44,A
82,86,20,18,20,C
91,91,14,8,32,C
87,78,20,15,46,A
86,90,19,25,15,C
60,70,18,12,11,D
75,73,16,12,20,D
84,83,16,20,20,C
99,90,16,13,26,C
72,60,11,16,15,D
80,79,17,22,46,A
76,80,23,17,47,A
92,86,14,8,34,C
81,98,11,8,35,C
87,81,23,13,45,A
95,76,23,25,16,B
98,85,12,22,45,A
83,76,21,13,20,C
92,91,8,17,33,C
75,87,9,22,36,B
76,82,16,23,32,A
87,83,23,12,33,B
90,95,14,25,21,B
83,86,24,14,38,A
70,69,19,9,19,D
85,76,19,24,31,A
98,78,20,11,29,B
89,89,13,24,44,A
75,93,22,16,35,A
88,93,11,25,27,B
94,94,22,21,33,A
93,90,13,8,47,B
97,94,8,9,47,B
81,77,25,18,8,C
90,99,11,17,42,A
68,60,13,9,16,E
70,69,18,11,10,E
82,85,23,22,40,A
77,90,16,19,33,B
84,97,14,24,25,B
86,86,20,13,46,A
74,62,9,11,17,E
67,64,18,12,10,D
73,69,22,15,10,D
64,60,12,13,21,D
75,88,15,14,30,C
86,88,17,19,41,A
91,91,24,10,30,B
87,75,21,25,28,A
93,77,23,10,26,C
83,92,10,9,41,B
69,72,20,17,11,D
77,79,15,12,29,C
75,71,14,12,11,E
88,99,9,22,32,B
90,99,17,17,16,C
76,90,20,14,36,A
98,78,23,18,42,A
83,98,15,20,32,B
77,77,17,24,46,A
96,86,10,13,43,B
93,96,12,10,33,C
84,99,15,16,23,C
83,82,23,13,19,C
79,93,8,9,36,C
72,64,20,14,11,D
84,84,24,23,45,A
99,99,17,12,36,B
73,62,9,13,27,D
93,82,19,21,48,A
99,96,17,15,39,A
89,88,11,14,49,A
91,80,24,11,36,A
79,83,19,20,30,B
98,83,19,14,46,A
97,99,14,21,30,B
65,70,23,15,8,D
81,89,10,20,27,C
89,87,15,15,24,C
79,96,13,10,49,A
87,92,16,12,44,A
76,86,10,22,39,A
91,91,21,8,29,C
83,81,19,13,18,C
75,70,13,11,18,D
84,95,12,21,47,A
85,79,17,21,39,A
97,94,8,21,46,A
77,82,8,25,33,B
73,75,24,9,12,D
85,77,10,15,33,C
76,79,19,19,33,A
93,87,16,19,15,C
81,87,25,24,14,B
86,92,17,15,33,B
80,88,14,25,14,C
80,86,25,17,41,A
99,93,17,24,45,A
72,68,8,20,8,E
92,86,12,20,37,B
77,86,22,10,45,A
82,77,25,8,31,B
88,93,12,9,48,B
83,78,17,21,32,A
88,88,15,14,42,A
75,74,17,22,8,D
99,99,9,20,35,B
75,78,21,22,11,C
78,89,24,12,24,B
93,93,20,25,17,B
73,70,8,11,14,E
89,81,12,21,38,A
91,97,15,21,18,C
99,87,21,22,11,C
96,79,25,25,33,A
84,82,16,18,22,C
91,93,17,18,16,C
97,76,19,10,36,B
72,61,10,11,19,D
92,95,10,12,34,C
64,70,15,17,14,D
98,94,23,8,43,A
73,62,11,10,15,E
93,80,17,24,32,A
80,91,24,13,14,C
63,72,9,11,21,D
81,84,8,15,39,B
67,65,9,16,20,D
87,78,21,16,23,B
85,78,20,10,37,B
97,81,10,14,28,C
83,78,16,13,38,B
99,97,20,23,27,A
79,89,10,14,48,A
89,91,17,23,40,A
97,93,16,14,40,A
65,66,13,25,8,D
87,82,24,25,11,B
93,96,17,14,21,C
97,75,12,15,44,A
94,94,24,17,17,C
81,97,12,24,40,A
76,83,15,8,36,C
78,85,15,22,28,B
69,66,9,24,8,D
75,99,12,15,43,A
83,89,25,23,25,A
60,66,14,20,12,D
94,95,17,15,31,B
88,76,24,10,46,A
66,64,16,8,17,D
89,76,17,18,24,C
98,97,22,10,30,B
94,78,16,8,46,A
89,75,15,24,28,B
92,81,15,9,48,A
90,90,16,17,45,A
66,71,12,14,14,D
74,67,11,19,19,D
60,70,15,22,12,D
85,89,24,11,24,C
76,91,10,11,38,C
73,75,8,14,27,D
85,82,24,17,25,B
87,81,12,12,46,A
97,92,11,19,40,A
95,76,20,12,39,A
90,78,14,13,36,B
70,69,17,21,8,D
69,72,12,11,12,E
84,81,16,16,37,B
98,94,10,12,30,C
61,64,18,13,14,D
75,98,25,19,40,A
60,61,20,10,17,D
98,76,20,10,28,C
83,88,11,9,46,B
63,69,11,9,23,D
97,78,22,22,9,C
91,87,16,23,27,B
94,99,21,16,36,A
61,75,22,8,16,D
96,98,15,24,43,A
99,94,21,15,30,B
99,95,20,24,35,A
79,95,25,10,23,C
89,83,14,9,27,C
75,99,20,24,29,A
79,94,20,23,8,C
95,85,24,14,39,A
86,85,13,15,40,B
82,82,23,16,15,C
99,86,14,13,40,B
87,87,8,21,25,C
87,94,11,8,40,C
76,99,15,11,45,A
76,75,16,19,18,C
60,62,18,14,17,D
90,84,12,8,30,C
91,93,21,19,36,A
91,87,21,15,40,A
98,90,22,14,49,A
99,95,25,18,20,B
97,97,23,13,19,C
98,81,13,18,23,C
93,77,20,9,49,A
82,94,13,13,42,B
64,72,12,11,9,E
95,75,11,25,27,B
80,94,11,13,31,C
94,85,19,12,23,C
86,87,23,10,42,A
87,77,24,12,20,C
80,83,13,11,44,B
98,97,25,21,19,B
77,83,12,16,39,B
82,94,23,24,20,B
64,64,8,24,15,D
94,78,14,9,43,B
97,87,24,19,15,C
69,64,9,12,15,E
79,82,22,14,21,C
96,77,25,20,25,A
88,87,24,16,25,B
82,99,23,14,34,A
99,86,16,21,24,B
30,10,8,11,10,F
61,65,15,12,17,D
78,95,13,15,29,C
76,78,24,13,41,A
81,99,23,9,40,A
94,81,18,18,38,A
91,98,16,17,49,A
87,85,16,17,41,A
88,80,25,14,11,C
93,86,19,17,35,A
83,77,11,15,34,B
71,72,8,14,9,E
99,99,9,21,40,A
85,76,23,15,41,A
96,89,21,16,44,A
95,98,14,10,31,C
94,92,22,9,19,C
96,79,9,19,44,A
65,62,17,14,16,D
98,77,8,22,44,A
81,87,15,10,44,B
86,95,8,20,43,A
73,75,22,9,14,D
90,82,19,25,47,A
60,63,13,9,19,D
75,69,9,12,11,E
89,80,20,22,28,A
82,78,21,12,45,A
76,94,23,14,24,B
70,73,15,19,12,D
84,97,13,19,23,C
65,62,18,10,21,D
81,77,12,20,20,C
88,84,20,13,44,A
93,95,21,10,34,B
94,97,19,22,16,C
86,78,16,11,39,B
95,86,16,17,42,A
72,74,8,9,23,D
99,95,9,11,46,B
98,82,11,23,31,B
83,84,10,20,47,A
96,84,25,16,34,A
86,82,21,21,12,C
94,87,15,19,16,C
70,63,19,11,12,D
82,96,23,17,47,A
94,84,17,25,36,A
67,75,11,25,13,D
63,66,12,8,21,D
84,95,10,18,45,A
71,69,16,14,10,D
92,86,17,20,13,C
90,85,21,13,37,A
86,97,25,15,41,A
97,76,17,22,15,C
78,81,8,23,47,A
95,96,24,23,22,B
93,77,15,16,22,C
75,98,12,10,46,B
92,79,15,23,50,A
87,76,15,8,47,A
91,83,21,12,22,C
82,94,9,14,40,B
76,93,23,9,42,A
77,78,16,22,38,A
89,76,18,21,20,C
67,68,14,8,21,D
77,99,17,20,44,A
96,90,9,22,41,A
99,94,13,14,44,A
88,88,8,24,31,B
76,92,20,25,33,A
83,86,24,15,37,A
99,77,20,19,47,A
91,96,18,15,34,B
76,76,24,15,44,A
96,92,19,23,18,B
64,74,12,21,13,D
78,86,20,16,31,B
60,62,18,11,18,D
79,91,20,21,47,A
77,88,22,21,20,B
98,96,22,21,22,B
94,84,25,15,13,C
69,69,17,10,8,E
87,78,22,25,32,A
76,76,24,16,38,A
79,89,18,14,37,B
90,76,19,21,40,A
76,76,23,17,19,C
63,60,12,25,12,D
97,90,23,23,10,C
95,98,21,9,26,C
99,95,9,14,47,A
97,82,10,25,18,C
84,82,12,10,46,B
98,78,8,23,28,C
96,97,15,25,22,B
86,80,9,14,43,B
92,98,10,12,47,B
94,97,11,14,48,A
76,88,21,22,15,C
94,79,24,10,27,B
98,93,15,21,20,C
85,91,24,23,24,A
85,96,25,8,41,A
88,94,10,19,39,B
76,90,17,18,47,A
94,79,25,11,38,A
82,80,13,12,40,B
82,78,15,22,34,A
71,61,25,10,12,D
83,91,19,19,45,A
69,60,11,18,8,E
81,80,22,17,48,A
89,77,20,19,49,A
81,99,15,20,29,B
98,86,10,18,34,B
98,91,24,15,26,B
75,84,25,8,44,A
72,60,21,12,8,D
77,94,22,17,26,B
88,95,24,14,37,A
75,68,15,17,16,D
89,82,20,23,20,B
92,93,20,9,42,A
87,91,13,8,50,A
65,63,20,14,14,D
84,86,24,20,22,B
94,78,12,11,47,A
78,97,25,12,28,B
97,87,14,17,31,B
99,84,9,19,31,C
96,79,8,18,29,C
61,69,8,23,17,D
64,71,13,24,11,D
77,80,22,11,46,A
79,81,16,15,24,C
95,81,23,9,35,B
75,71,14,9,22,D
75,94,23,22,22,B
93,87,11,9,38,C
81,76,25,23,44,A
77,80,18,18,29,B
89,83,24,18,29,A
97,81,23,17,49,A
83,95,10,20,32,B
90,98,18,8,45,A
60,67,17,21,10,D
61,68,14,8,19,D
76,79,25,13,50,A
95,80,20,17,26,B
83,77,17,17,20,C
76,91,15,25,19,C
77,90,16,9,33,C
82,79,9,16,46,A
85,87,16,24,21,B
75,88,17,25,42,A
99,84,24,25,31,A
70,68,18,9,11,E
93,92,18,21,19,C
89,97,18,20,18,C
63,71,20,11,13,D
92,87,22,16,41,A
67,74,10,20,10,D
71,70,14,8,9,E
87,92,10,24,27,B
80,79,19,11,45,A
79,78,14,15,31,B
91,91,12,10,33,C
93,83,19,25,23,B
66,74,8,15,26,D
93,95,22,25,8,C
62,61,14,8,24,D
68,64,10,17,18,D
86,83,9,22,20,C
77,75,24,12,34,A
98,99,11,20,50,A
78,88,24,24,36,A
70,67,23,13,11,D
78,84,13,18,32,B
65,69,13,12,15,D
85,84,15,18,50,A
64,73,18,21,10,D
91,86,23,20,41,A
92,89,13,22,24,C
81,78,18,14,30,B
82,78,18,19,33,A
93,97,14,21,32,B
84,90,23,23,32,A
80,79,9,17,35,B
63,72,8,11,27,D
65,63,11,10,12,E
94,84,18,13,43,A
92,88,17,21,35,A
78,90,18,25,42,A
94,89,22,20,47,A
93,79,18,25,39,A
96,75,20,23,14,C
97,86,9,18,42,B
72,63,21,14,14,D
84,88,14,21,50,A
92,94,21,8,46,A
93,86,16,13,48,A
95,99,25,16,33,A
99,90,13,24,49,A
60,71,24,13,12,D
70,62,8,9,15,E
75,95,8,25,23,C
91,91,22,19,32,A
67,60,12,15,11,E
76,94,10,21,44,A
76,81,25,21,31,A
90,79,13,15,37,B
73,64,20,14,9,D
89,78,14,14,34,B
97,99,19,22,24,B
90,75,20,22,16,C
66,73,10,22,17,D
90,81,14,23,49,A
70,73,12,10,18,D
92,91,23,19,39,A
82,92,8,19,37,B
75,94,12,10,34,C
69,74,12,9,18,E
99,80,19,8,33,B
84,82,12,20,45,A
83,82,10,8,48,B
69,64,14,17,18,D
84,90,12,23,25,B
65,65,15,12,14,D
63,75,14,14,17,D
60,67,12,20,11,D
74,71,9,8,14,E
81,78,18,19,37,A
77,91,10,20,23,C
85,91,22,19,34,A
75,91,14,25,20,C
87,82,12,15,24,C
60,63,15,24,9,D
99,77,12,24,37,A
99,91,18,21,18,C
64,65,8,18,8,E
86,84,13,16,23,C
93,82,25,24,42,A
74,64,21,10,17,D
82,85,13,15,45,A
96,82,19,13,19,C
61,67,10,14,16,D
81,93,11,13,42,B
99,93,19,18,15,C
88,77,25,21,15,B
80,90,12,16,33,B
84,90,17,16,41,A
82,91,13,24,36,A
91,97,21,16,36,A
81,77,10,22,41,A
70,68,19,12,18,D
99,76,12,10,42,B
89,91,12,15,29,C
78,84,10,21,36,B
89,88,13,21,28,B
98,97,19,9,50,A
72,61,13,8,27,D
93,93,17,20,22,C
89,92,17,11,25,C
88,98,11,9,45,B
66,74,15,8,10,E
61,70,16,10,19,D
92,80,21,15,43,A
79,89,10,9,37,C
84,86,10,18,33,B
72,60,23,8,11,D
84,80,14,15,34,B
71,70,13,11,8,E
75,62,10,13,11,E
93,92,13,10,38,B
90,81,19,8,36,B
75,71,8,21,18,D
83,83,20,15,18,C
68,71,24,10,8,D
76,88,11,13,27,C
88,79,19,19,37,A
60,73,14,21,12,D
71,69,11,13,14,E
97,82,9,15,44,B
98,90,19,17,24,B
73,72,12,14,10,E
81,95,11,21,23,C
96,80,18,24,29,A
84,93,8,17,41,B
99,84,24,19,17,B
94,97,15,23,20,C
70,66,12,16,13,D
83,96,10,24,19,C
86,95,23,12,29,B
90,88,23,8,36,B
83,96,15,17,41,A
83,96,24,11,27,B
28,20,12,9,8,F
97,92,17,17,38,A
64,75,24,12,12,D
86,93,8,21,41,A
72,64,17,14,18,D
93,96,18,20,33,A
60,60,12,18,11,D
80,86,19,13,27,C
95,88,15,20,20,C
70,67,19,11,12,D
85,92,20,20,30,A
97,86,16,14,22,C
94,88,11,20,48,A
96,82,15,15,30,B
82,97,22,22,39,A
96,76,23,20,17,B
92,86,15,14,48,A
79,75,23,11,24,C
89,77,9,21,41,A
90,99,22,13,28,B
80,88,23,9,35,B
83,78,25,15,29,B
63,73,12,10,8,E
89,99,21,11,25,C
62,71,24,10,8,D
91,77,19,21,36,A
70,69,11,22,11,D
76,97,18,25,18,B
70,61,23,10,10,D
67,73,17,9,10,E
65,74,15,13,12,D
89,86,19,21,21,B
61,72,25,9,15,D
66,66,12,11,20,D
92,85,9,9,36,C
88,83,16,10,36,B
95,82,10,20,29,C
83,75,18,21,28,B
99,90,15,18,30,B
91,95,21,23,10,C
90,93,18,21,33,A
96,86,9,11,36,C
83,98,25,14,13,C
84,90,22,8,21,C
75,64,18,14,8,D
70,71,10,8,18,E
70,71,17,10,19,D
89,94,9,16,30,C
81,78,25,24,40,A
87,99,25,23,10,C
98,97,21,17,38,A
88,89,9,17,25,C
95,96,22,24,22,B
95,80,24,21,50,A
61,70,23,8,10,D
88,99,12,17,37,B
89,96,25,16,33,A
88,95,14,20,33,B
92,78,15,18,28,B
72,74,13,17,8,E
81,83,8,14,41,B
87,84,12,25,31,B
65,61,14,8,9,E
86,78,10,11,50,A
94,92,15,9,27,C
90,91,23,25,13,B
66,70,9,11,22,D
91,88,13,14,23,C
84,76,21,22,38,A
63,70,16,12,8,E
98,81,22,17,34,A
83,82,25,19,29,A
83,90,25,19,8,C
84,87,25,24,49,A
97,98,22,20,21,B
94,77,20,18,36,A
88,85,23,25,20,B
85,77,24,18,33,A
76,92,24,12,19,C
86,91,13,10,37,B
99,98,21,18,40,A
70,62,9,14,13,E
94,80,22,17,30,B
99,82,22,17,23,B
69,62,21,16,10,D
99,84,20,23,13,C
82,98,20,20,30,A
71,60,20,9,10,E
80,82,10,10,31,C
91,77,22,11,17,C
86,79,15,15,27,C
91,90,12,23,23,C
61,69,15,15,19,D
87,83,12,21,44,A
77,93,13,24,43,A
83,83,19,16,21,C
81,93,18,10,49,A
85,99,14,22,16,C
80,82,25,21,40,A
92,85,15,13,33,B
91,83,13,20,48,A
70,70,13,14,22,D
82,86,18,15,40,A
61,68,17,8,21,D
69,60,9,25,8,D
72,66,16,9,17,D
63,70,8,25,15,D
68,63,10,14,19,D
86,95,23,18,24,B
75,87,14,8,39,B
79,98,21,20,39,A
95,97,20,13,47,A
75,92,23,12,44,A
71,75,15,20,12,D
61,72,21,13,11,D
82,99,14,20,36,A
67,66,10,21,9,D
83,91,8,22,48,A
80,84,19,20,43,A
72,68,25,9,10,D
64,67,13,17,17,D
76,81,11,8,34,C
85,88,19,8,23,C
92,75,11,8,33,C
91,89,8,16,39,B
95,93,22,25,40,A
96,98,24,20,29,A
67,61,25,8,16,D
96,99,22,17,32,A
68,66,10,8,13,E
88,77,19,11,31,B
81,90,18,25,45,A
93,78,14,11,26,C
96,79,12,21,35,B
78,79,8,16,50,A
78,84,15,9,33,C
92,89,25,19,31,A
95,96,19,18,17,C
70,67,13,20,16,D
75,96,23,22,30,A
99,76,23,16,28,B
88,79,11,24,17,C
84,86,13,13,45,A
90,76,21,13,30,B
97,87,18,20,24,B
77,88,17,8,39,B
85,81,13,17,20,C
71,75,11,13,9,E
88,81,19,18,40,A
94,99,19,20,32,A
90,86,8,23,20,C
91,85,20,22,21,B
97,86,9,23,38,A
99,96,21,17,28,B
87,78,23,24,18,B
78,91,19,18,41,A
90,88,14,19,41,A
92,84,18,10,46,A
99,96,20,16,45,A
80,96,9,18,45,A
81,76,16,10,39,B
65,65,10,18,8,E
83,90,25,24,33,A
60,64,14,13,18,D
78,92,10,22,21,C
97,79,16,11,40,B
94,87,23,25,14,B
73,70,12,21,8,D
80,81,20,9,25,C
87,85,23,22,39,A
89,80,20,23,42,A
98,95,19,23,11,C
97,76,20,19,21,B
91,79,20,19,29,B
75,97,10,21,29,B
76,76,12,12,40,B
70,72,22,12,14,D
61,68,14,9,14,E
77,98,9,16,33,C
94,83,25,24,19,B
77,87,18,11,27,C
96,99,8,22,38,B
83,84,8,22,29,C
65,72,14,21,10,D
88,85,8,17,38,B
97,93,17,23,29,B
94,83,10,19,45,A
76,95,15,19,46,A
79,79,9,15,28,C
71,65,19,9,16,D
91,97,16,20,17,C
63,65,10,24,9,D
75,72,25,9,11,D
82,81,19,17,35,A
88,77,12,15,39,B
75,98,8,13,37,C
91,87,11,16,33,B
84,84,17,20,35,A
97,76,19,16,39,A
87,89,9,23,20,C
91,82,15,22,50,A
94,81,22,13,21,C
88,95,18,25,26,B
74,62,9,12,26,D
78,81,8,25,45,A
72,74,8,17,9,E
97,79,12,24,48,A
93,94,23,8,43,A
82,97,24,10,44,A
77,76,24,14,30,B
92,81,13,18,36,B
84,81,12,11,50,A
87,85,19,23,27,B
60,62,13,9,18,D
81,95,19,9,50,A
99,81,13,14,33,B
71,68,18,22,9,D
98,78,13,14,35,B
95,76,9,19,39,B
96,95,9,15,33,C
71,63,9,23,13,D
93,83,17,16,33,B
73,62,11,16,17,D
77,98,22,18,47,A
95,95,22,20,46,A
62,71,16,13,14,D
79,94,12,21,25,C
97,92,18,25,16,C
75,89,21,15,48,A
82,98,10,25,38,A
81,96,12,24,40,A
90,76,22,11,50,A
80,79,8,15,44,B
77,83,11,10,47,B
71,71,10,17,21,D
82,98,24,21,13,C
90,92,23,15,42,A
86,94,23,14,41,A
94,88,24,16,10,C
86,89,13,10,41,B
91,98,25,18,24,B
90,91,23,10,45,A
72,60,18,19,12,D
77,79,16,13,45,A
91,82,13,23,46,A
79,76,11,24,26,B
64,73,18,15,10,D
99,84,12,10,39,B
88,94,19,18,43,A
97,75,17,19,29,B
79,84,11,25,44,A
87,87,19,13,45,A
69,74,22,10,15,D
79,79,22,8,34,B
97,77,15,24,42,A
84,80,16,16,30,B
80,94,18,24,12,C
82,95,11,11,47,B
64,71,21,10,16,D
75,77,22,14,34,A
97,79,10,9,38,C
68,61,21,14,10,D
82,85,16,12,45,A
79,93,23,15,49,A
87,77,17,24,28,B
93,77,11,24,31,B
79,75,18,21,30,B
94,97,25,21,36,A
74,60,16,22,9,D
67,74,14,12,19,D
93,97,24,24,12,B
65,66,17,14,15,D
95,83,14,20,49,A
83,90,16,9,29,C
99,84,10,15,36,B
95,83,24,16,48,A
69,61,20,11,8,E
87,78,21,12,42,A
92,99,14,9,34,C
93,86,14,15,30,C
79,77,23,20,13,C
79,80,25,21,16,B
99,96,12,19,49,A
70,73,8,23,11,D
74,73,15,13,10,E
72,75,11,21,16,D
71,63,19,17,10,D
72,75,13,12,16,D
93,88,16,12,42,A
64,74,16,10,18,D
85,75,13,22,42,A
75,90,18,25,23,B
91,88,21,19,43,A
80,84,20,14,17,C
82,84,10,11,48,B
89,95,11,21,22,C
88,81,23,11,26,B
80,84,15,24,44,A
83,90,16,19,38,A
78,99,25,25,45,A
88,98,25,13,21,C
78,91,11,10,45,B
98,94,19,12,50,A
82,96,17,18,47,A
76,80,13,15,35,B
75,98,12,18,31,B
80,95,24,23,30,A
96,79,11,25,38,A
80,85,15,19,39,A
97,91,19,14,43,A
90,96,8,13,35,C
82,80,18,9,46,A
90,87,23,23,28,A
99,80,21,14,38,A
83,96,14,13,41,B
62,64,10,13,23,D
88,78,22,12,39,A
78,79,12,8,32,C
94,95,16,20,28,B
85,87,9,24,31,B
70,64,22,14,9,D
76,99,8,18,46,A
65,64,8,16,11,E
91,83,18,18,31,B
68,63,19,20,9,D
61,69,10,20,11,D
66,64,15,14,20,D
94,91,23,16,45,A
88,91,18,16,49,A
75,92,19,10,50,A
89,75,10,22,25,C
64,69,15,12,15,D
84,83,16,22,15,C
68,72,14,15,8,E
69,66,8,19,15,D
82,90,19,17,23,C
68,64,20,19,10,D
79,86,21,23,50,A
68,71,11,17,8,E
87,88,13,18,34,B
74,74,17,8,13,E
80,88,25,15,13,C
75,99,23,17,34,A
63,64,17,14,10,D
96,93,11,8,46,B
85,82,20,12,42,A
86,75,15,25,30,A
93,98,22,20,36,A
81,91,21,15,27,B
80,75,14,12,30,C
93,95,24,12,43,A
86,95,11,9,44,B
76,85,23,16,43,A
86,83,20,18,22,B
65,60,15,14,13,D
75,91,15,23,37,A
83,76,22,24,40,A
74,67,13,22,9,D
88,77,10,20,49,A
90,88,20,24,23,B
95,96,20,25,36,A
77,88,20,22,42,A
81,79,16,23,33,A
94,89,13,18,27,C
67,65,16,9,21,D
72,69,17,10,20,D
70,73,20,20,8,D
88,87,21,8,35,B
86,84,24,15,40,A
94,83,24,18,35,A
85,77,10,20,35,B
76,90,17,25,32,A
91,85,23,25,27,A
99,87,25,19,15,C
96,77,18,18,26,B
75,96,24,21,27,A
76,97,9,17,39,B
97,75,20,18,45,A
78,84,16,18,30,B
93,76,20,10,28,C
87,79,24,21,33,A
66,70,25,8,13,D
82,83,22,23,19,B
98,91,14,24,29,B
86,91,24,23,27,A
80,95,17,9,31,C
71,69,9,22,12,D
66,71,12,14,13,E
84,89,19,8,49,A
83,86,21,22,21,B
97,93,12,16,40,B
99,96,13,23,30,B
92,77,11,20,37,B
78,96,19,21,26,B
96,82,12,9,43,B
65,63,9,21,8,E
89,84,16,23,18,C
78,79,19,24,29,A
63,65,22,13,8,D
90,78,20,15,22,C
76,76,10,23,19,C
97,79,16,22,50,A
85,79,22,19,17,C
71,73,10,25,10,D
79,98,10,12,46,B
75,73,14,13,12,E
92,94,21,14,38,A
83,75,20,23,49,A
95,80,17,22,25,B
96,82,12,21,26,C
84,82,21,22,47,A
86,89,23,8,45,A
96,78,15,23,14,C
61,73,18,9,20,D
94,91,9,17,27,C
98,80,19,18,41,A
76,91,19,21,34,A
62,74,15,21,10,D
99,81,21,25,32,A
85,89,20,8,45,A
85,92,22,24,31,A
96,87,23,12,38,A
88,92,11,12,48,A
77,89,20,20,44,A
76,77,21,17,20,C
86,98,23,23,22,B
99,76,17,8,35,B
93,95,10,23,34,B
84,77,18,18,31,B
75,84,22,22,20,B
99,97,18,25,11,C
81,88,25,15,29,B
83,75,21,9,36,B
83,77,17,12,49,A
91,80,22,19,41,A
98,92,18,12,28,C
84,78,18,23,21,B
72,70,11,9,25,D
83,84,25,23,29,A
76,90,21,24,33,A
90,83,23,19,28,A
89,93,12,22,43,A
89,75,12,11,46,B
99,93,11,25,20,C
84,80,11,13,47,A
98,99,12,14,47,A
94,77,20,11,48,A
84,78,15,21,49,A
91,80,17,20,14,C
75,81,17,17,41,A
96,80,19,8,39,B
69,75,12,13,18,D
61,65,10,23,16,D
98,81,15,10,46,A
64,62,9,15,16,D
81,96,24,19,25,B
91,96,21,20,33,A
87,78,13,9,43,B
77,92,22,11,46,A
62,62,8,12,19,E
79,91,21,18,21,B
60,74,8,17,22,D
71,62,13,17,9,E
64,60,8,8,21,E
93,81,24,12,48,A
61,64,12,23,10,D
99,98,13,10,39,B
94,77,24,17,40,A
99,75,16,22,32,A
97,95,17,18,20,C
70,61,18,17,14,D
80,76,20,18,17,C
91,83,9,24,36,B
93,96,17,17,32,B
94,76,18,23,10,C
95,81,23,24,31,A
83,91,12,22,24,C
91,75,22,11,25,C
67,71,21,8,10,E
66,63,12,14,12,E
64,72,8,12,10,E
93,99,12,13,28,C
82,86,25,17,50,A
91,75,19,22,14,C
89,95,20,25,29,A
96,83,25,24,12,B
96,77,23,11,38,A
92,89,21,21,8,C
94,88,15,23,15,C
73,69,21,9,8,E
95,98,14,18,28,B
97,94,21,24,17,B
97,88,18,24,33,A
76,86,14,8,40,B
82,91,18,18,25,B
89,97,15,16,44,A
96,77,13,20,48,A
83,84,16,18,44,A
80,97,11,20,22,C
74,70,18,16,10,D
87,78,23,19,17,C
85,91,12,25,47,A
74,75,12,12,25,D
77,93,22,14,41,A
83,82,18,17,48,A
93,76,13,11,39,B
96,94,22,18,38,A
81,87,16,22,16,C
89,95,23,21,19,B
79,94,16,14,38,B
86,98,20,11,40,A
99,98,19,14,46,A
66,67,20,15,14,D
99,93,22,23,22,B
75,71,14,15,15,D
99,78,22,25,8,C
83,84,11,12,31,C
99,82,22,21,44,A
81,94,22,23,44,A
91,82,21,18,11,C
82,79,15,24,25,B
92,92,10,23,38,A
93,94,18,11,24,C
75,78,12,8,30,C
61,61,10,8,23,D
97,89,20,19,48,A
94,79,15,18,40,A
76,82,20,11,26,C
72,73,13,23,12,D
61,73,10,9,23,D
92,93,20,10,31,B
98,98,25,14,35,A
83,79,13,22,47,A
92,99,18,14,46,A
75,94,21,10,41,A
79,99,15,16,22,C
93,78,15,24,48,A
75,76,10,19,42,A
95,84,21,8,24,C
75,87,10,24,39,A
93,76,15,24,39,A
92,88,23,15,12,C
75,88,25,24,50,A
86,91,16,18,20,C
87,94,22,13,41,A
91,94,14,12,38,B
95,94,12,10,47,B
81,91,23,19,16,C
78,79,16,14,20,C
90,80,16,21,40,A
96,94,13,9,42,B
76,98,20,21,42,A
86,80,12,24,15,C
87,98,10,18,34,B
79,91,18,12,46,A
88,89,24,10,34,B
96,92,24,13,45,A
75,91,17,22,32,A
90,77,16,19,17,C
77,87,19,19,22,B
61,69,8,12,15,E
82,95,16,8,42,B
95,88,11,21,37,B
76,84,9,17,48,A
65,69,13,10,15,E
96,95,15,19,48,A
68,73,15,10,17,D
95,99,24,20,40,A
81,99,20,13,23,C
77,81,21,12,24,C
74,69,9,10,27,D
97,76,24,16,37,A
80,88,19,23,9,C
94,92,25,21,50,A
75,63,8,15,17,D
87,75,21,13,34,B
93,86,15,25,33,A
76,77,25,11,32,B
90,94,14,24,22,B
90,93,15,14,48,A
77,81,11,21,22,C
67,71,14,9,16,E
64,66,17,22,8,D
89,96,9,8,48,B
79,94,20,21,32,A
83,86,18,8,35,B
90,84,16,17,49,A
89,77,25,21,33,A
87,93,8,18,50,A
96,85,8,12,35,C
90,98,24,21,47,A
90,92,14,19,46,A
75,89,11,24,46,A
66,72,20,14,11,D
86,77,25,8,30,B
76,95,9,23,47,A
95,76,23,16,47,A
90,91,8,24,44,A
87,79,22,25,27,A
83,94,20,9,43,A
73,75,10,11,24,D
89,91,9,11,32,C
93,81,17,18,43,A
74,74,8,9,24,D
86,80,8,18,25,C
92,96,19,17,50,A
94,93,21,16,33,A
81,92,20,24,22,B
70,67,14,9,19,D
88,93,22,21,35,A
87,76,20,21,29,A
75,67,11,17,11,E
76,85,19,21,31,A
64,62,9,9,30,D
70,72,9,16,18,D
86,75,14,21,30,B
79,81,25,13,46,A
92,97,25,9,25,C
94,85,21,17,28,B
81,89,23,8,20,C
68,68,22,9,9,D
75,74,14,21,14,D
84,94,24,23,19,B
91,87,11,21,34,B
67,67,8,19,8,E
87,91,13,17,49,A
74,61,10,9,28,D
81,99,23,21,30,A
88,86,20,8,26,C
87,89,22,9,21,C
94,91,23,20,24,B
96,75,15,19,40,A
94,81,16,18,27,B
81,81,9,25,17,C
60,61,19,14,16,D
89,92,10,10,37,C
82,85,8,22,29,C
82,89,9,12,33,C
84,80,11,19,20,C
70,75,19,11,17,D
75,75,20,15,47,A
81,85,9,22,47,A
65,71,17,22,8,D
84,77,21,14,27,B
82,93,10,8,42,B
97,88,24,24,42,A
76,91,18,16,45,A
73,69,9,12,20,D
83,86,23,19,8,C
70,73,14,10,16,D
82,90,11,24,45,A
66,67,22,11,16,D
78,93,25,13,22,B
79,89,8,23,20,C
94,91,13,22,39,A
94,85,18,19,13,C
81,75,24,20,15,C
82,99,12,10,28,C
89,91,12,10,49,A
95,78,9,20,30,C
91,76,17,21,33,A
79,75,10,18,42,A
83,77,25,16,46,A
77,75,17,25,16,C
79,78,12,24,24,B
96,75,15,22,42,A
85,88,14,15,28,C
81,77,18,10,49,A
91,83,14,15,30,C
73,61,19,14,16,D
96,99,22,21,21,B
66,69,22,13,12,D
61,70,20,8,21,D
60,62,8,18,12,E
94,89,18,11,25,C
81,85,19,24,44,A
91,83,17,11,28,C
62,64,9,16,12,E
90,80,20,20,10,C
80,81,16,24,28,B
86,97,18,12,39,B
97,85,20,25,32,A
77,77,14,15,23,C
85,91,9,25,34,B
76,89,23,11,40,A
63,66,9,15,20,D
90,88,24,15,25,B
98,95,11,17,37,B
83,98,18,23,47,A
84,83,19,23,27,B
72,75,10,9,28,D
86,95,21,13,32,B
79,99,20,9,37,B
80,79,16,23,41,A
91,85,20,25,12,C
80,95,13,20,49,A
89,77,9,14,38,B
94,81,17,18,33,B
95,77,14,23,23,B
80,77,13,21,34,B
97,82,24,14,32,A
96,80,19,16,17,C
90,75,12,12,44,B
91,94,24,8,27,C
76,85,19,22,12,C
71,63,8,23,8,E
86,78,14,11,36,B
64,70,10,14,16,D
94,95,17,10,49,A
94,97,15,19,17,C
64,66,12,20,8,D
72,73,13,18,18,D
77,94,25,14,31,A
86,89,21,19,20,B
88,86,12,21,30,B
98,88,20,17,49,A
92,98,18,15,34,B
85,85,12,12,47,A
63,63,11,12,26,D
88,99,8,10,48,B
95,93,21,24,27,A
94,83,21,24,15,B
94,95,21,12,20,C
83,88,18,22,35,A
99,77,24,10,43,A
91,91,8,24,29,B
91,97,24,12,41,A
84,85,21,16,17,C
90,95,23,14,47,A
84,84,22,16,37,A
76,82,9,20,48,A
81,86,12,13,25,C
77,76,19,20,45,A
94,99,18,19,36,A
88,83,22,21,44,A
99,79,11,22,20,C
90,88,19,16,18,C
85,83,20,24,48,A
97,89,21,22,31,A
82,79,21,14,27,B
91,96,14,22,45,A
63,69,8,11,28,D
93,78,15,22,36,A
97,87,20,24,42,A
94,76,9,18,44,A
74,69,15,11,10,E
62,61,20,10,18,D
85,99,18,20,50,A
97,76,24,19,46,A
69,66,9,14,11,E
85,93,11,9,45,B
76,98,17,25,41,A
86,81,10,23,21,C
96,83,14,19,37,A
70,65,9,8,32,D
94,92,9,20,21,C
73,62,11,13,11,E
79,88,19,19,28,B
88,94,25,11,33,B
88,92,12,12,36,B
95,83,25,11,40,A
85,87,16,8,36,B
99,88,21,10,32,B
80,93,25,22,11,C
83,97,23,9,21,C
80,79,16,22,32,A
62,67,9,14,8,E
61,69,13,17,16,D
97,93,23,18,45,A
76,87,10,16,35,B
87,76,9,10,40,C
88,94,16,16,27,C
79,95,14,16,36,B
77,80,10,23,18,C
67,69,15,16,16,D
85,81,18,22,11,C
75,74,22,12,13,D
91,83,23,23,30,A
69,70,12,23,14,D
83,93,8,18,26,C
69,75,13,13,11,E
84,82,24,12,32,B
87,95,22,11,47,A
89,77,25,8,40,A
84,96,24,18,44,A
76,95,13,11,35,C
68,75,24,11,12,D
90,97,23,14,43,A
86,92,24,12,28,B
85,79,22,13,33,B
95,84,10,11,38,C
61,70,16,15,17,D
84,87,12,15,34,B
63,73,24,9,13,D
92,85,24,10,34,B
88,93,22,20,43,A
90,93,17,24,42,A
87,94,11,19,28,C
76,96,10,14,29,C
93,99,13,21,39,A
80,92,10,14,36,B
80,91,12,19,41,A
94,92,13,16,39,B
86,83,13,9,37,C
84,93,25,12,31,B
70,69,16,13,17,D
99,88,23,25,41,A
60,69,16,15,12,D
68,67,8,15,22,D
95,98,22,8,45,A
71,72,9,9,17,E
98,95,20,22,39,A
74,73,17,11,17,D
85,87,11,23,46,A
66,60,18,12,14,D
93,90,21,14,48,A
88,97,15,17,35,B
86,79,15,23,25,B
84,92,19,24,15,C
78,95,18,8,26,C
89,83,19,9,36,B
75,92,23,13,44,A
81,80,25,23,47,A
79,99,25,23,15,B
63,64,14,14,11,E
84,92,17,18,24,C
77,87,22,12,41,A
83,91,24,20,49,A
97,99,21,14,49,A
89,89,14,18,39,A
82,84,21,18,12,C
79,95,23,14,17,C
62,70,11,16,12,E
84,82,23,22,20,B
93,77,12,20,31,B
78,75,14,20,46,A
86,94,21,23,39,A
86,82,11,21,49,A
65,73,18,8,9,E
63,64,24,11,9,D
74,68,9,17,13,E
77,80,25,17,12,C
92,84,8,15,29,C
82,95,19,25,47,A
73,66,8,15,25,D
71,74,11,14,21,D
74,75,10,12,25,D
78,75,13,14,42,B
90,94,14,17,27,C
95,96,12,24,49,A
75,69,21,15,8,D
69,65,12,12,11,E
82,75,11,14,25,C
66,71,11,14,19,D
77,77,8,21,25,C
63,70,9,10,22,D
81,92,14,16,36,B
83,90,13,10,40,B
96,85,23,12,50,A
88,86,23,10,40,A
92,89,22,10,48,A
94,84,15,15,38,B
87,95,14,18,41,A
78,95,10,23,33,B
81,93,19,24,47,A
89,75,13,24,32,B
63,73,8,16,23,D
94,80,21,15,33,B
87,87,17,16,27,B
98,82,24,11,23,C
78,96,24,17,19,B
61,68,10,22,17,D
98,92,20,8,36,B
94,95,12,15,28,C
82,96,18,11,42,A
85,89,15,25,22,B
93,87,8,19,23,C
94,98,24,13,16,C
86,75,18,20,48,A
91,86,12,25,38,A
91,84,21,17,14,C
86,97,20,22,15,C
84,86,18,20,33,A
88,96,24,24,43,A
71,63,9,11,24,D
87,77,15,13,42,A
92,82,10,17,26,C
61,71,8,13,11,E
99,91,15,22,42,A
83,95,20,22,20,B
92,92,21,19,18,C
93,79,24,25,44,A
76,90,17,24,19,B
34,18,9,8,8,F
88,86,21,8,49,A
90,80,16,25,47,A
86,95,8,14,47,B
72,60,8,10,19,E
87,92,24,11,22,C
89,99,13,8,30,C
89,75,17,14,48,A
84,93,17,11,37,B
88,87,17,25,43,A
84,89,15,10,32,C
74,60,18,17,11,D
82,96,16,23,43,A
95,91,20,21,20,B
88,77,11,9,37,C
79,77,15,24,15,C
88,85,18,18,15,C
79,78,9,23,29,B
66,71,13,20,14,D
61,60,15,16,13,D
93,77,11,23,44,A
88,96,17,15,34,B
85,78,18,25,32,A
91,97,12,24,46,A
64,66,20,13,8,D
99,98,21,23,17,B
78,99,11,22,35,B
66,64,11,20,17,D
73,69,10,19,11,D
81,99,12,25,19,C
95,97,16,16,23,C
77,83,10,25,31,B
88,82,19,12,29,B
63,65,10,12,14,E
89,95,19,10,42,A
85,78,21,12,44,A
77,88,20,18,26,B
84,75,19,24,25,B
64,62,24,10,14,D
79,81,16,18,41,A
74,70,10,16,20,D
95,86,8,18,48,A
79,93,22,20,31,A
78,84,22,20,24,B
83,95,19,13,39,A
88,84,21,23,29,A
82,85,20,13,23,C
81,75,24,10,25,C
92,89,9,25,48,A
84,75,24,22,48,A
79,95,10,21,31,B
76,88,23,25,30,A
73,74,14,11,23,D
77,87,24,14,17,C
81,98,8,18,42,B
73,61,10,19,18,D
82,90,18,19,27,B
87,76,13,13,33,C
83,83,23,19,38,A
79,94,18,9,45,A
75,99,23,13,27,B
79,96,12,15,23,C
68,64,8,23,18,D
80,95,19,16,41,A
82,79,18,22,26,B
72,70,13,13,18,D
90,94,19,13,19,C
99,81,19,14,29,B
96,80,18,23,37,A
94,78,21,19,37,A
81,80,24,14,28,B
99,91,13,21,16,C
81,97,24,24,32,A
96,75,20,24,42,A
88,91,22,25,50,A
85,77,19,10,26,C
66,66,18,8,12,E
91,77,11,11,33,C
75,83,10,9,33,C
83,84,16,16,37,B
62,62,12,11,24,D
71,66,11,16,13,D
71,62,24,8,17,D
67,68,9,9,23,D
77,87,12,18,24,C
76,76,11,21,35,B
90,92,24,19,25,B
60,64,10,13,20,D
94,79,20,13,41,A
90,84,25,25,44,A
80,89,15,20,17,C
89,84,12,22,49,A
68,75,17,8,13,E
99,80,23,10,43,A
85,87,25,14,12,C
91,95,12,11,34,C
79,92,20,17,21,C
95,75,19,24,28,A
98,98,22,8,33,B
71,65,14,11,23,D
76,78,14,13,26,C
93,97,19,9,32,B
98,83,10,13,36,C
92,82,17,17,48,A
99,98,22,12,35,B
64,68,19,10,10,E
95,96,20,14,29,B
84,89,10,25,32,B
84,82,17,18,32,B
91,89,18,17,37,A
80,87,18,11,32,B
68,66,11,18,20,D
60,60,15,19,10,D
82,77,20,20,44,A
86,91,22,8,45,A
76,94,8,18,43,B
75,72,10,20,16,D
78,92,24,10,34,B
85,87,12,18,30,B
72,75,13,20,13,D
85,78,22,8,44,A
86,98,17,22,28,B
92,93,17,22,41,A
91,80,14,8,50,A
60,74,21,11,10,D
97,79,10,19,27,C
94,83,20,24,45,A
62,63,8,23,12,D
94,81,8,9,35,C
95,94,19,20,16,C
83,98,11,17,42,A
90,97,12,18,32,B
65,69,12,11,16,E
87,81,22,23,45,A
71,64,12,18,8,E
61,64,8,15,13,E
83,79,10,23,28,B
60,74,16,19,13,D
89,89,22,15,40,A
75,67,18,10,17,D
84,94,23,16,28,B
75,82,24,19,25,B
87,85,19,14,31,B
81,76,16,18,46,A
76,87,21,15,16,C
79,99,16,22,14,C
93,88,19,19,26,B
91,88,8,13,48,B
75,88,20,19,17,C
82,83,24,21,13,C
79,95,9,20,25,C
99,92,23,11,26,B
82,75,16,16,50,A
75,75,9,14,24,D
92,85,11,19,28,C
78,96,9,13,29,C
64,64,14,18,17,D
96,84,12,25,38,A
62,64,20,14,15,D
79,84,13,22,38,A
83,75,16,24,48,A
73,66,10,16,10,E
94,86,12,13,41,B
73,70,16,13,8,E
81,76,9,19,25,C
65,65,23,10,10,D
81,79,17,8,27,C
99,77,20,16,44,A
93,80,22,12,33,B
95,88,22,13,26,B
95,95,21,20,29,A
96,80,21,13,26,B
82,96,13,12,44,B
82,79,8,14,44,B
64,67,11,14,15,D
88,91,10,16,26,C
81,85,13,22,34,B
95,79,21,19,39,A
81,79,12,22,50,A
82,91,9,8,38,C
75,84,25,19,40,A
87,80,12,20,19,C
75,93,18,19,42,A
99,96,23,24,23,A
76,79,11,12,30,C
86,82,10,20,32,B
61,66,15,9,25,D
88,99,10,8,38,C
96,79,18,8,30,C
86,96,18,16,32,B
73,66,24,10,10,D
60,66,17,16,16,D
91,84,25,24,43,A
99,94,23,25,36,A
97,79,9,13,47,B
96,82,12,10,32,C
80,75,16,14,25,C
84,87,17,13,21,C
97,81,17,9,38,B
94,89,24,15,38,A
77,77,13,20,24,C
91,80,22,24,23,B
94,92,21,24,11,C
61,69,9,11,16,E
83,99,9,16,29,C
98,99,24,25,28,A
80,89,11,19,34,B
92,98,23,20,21,B
95,88,11,17,32,B
71,70,10,10,27,D
89,75,11,23,20,C
63,61,22,9,17,D
80,84,14,14,39,B
94,93,22,14,27,B
78,87,21,16,15,C
79,95,11,21,35,B
75,92,21,24,33,A
84,86,11,24,41,A
99,76,25,22,26,A
81,94,22,15,48,A
99,75,8,16,30,C
88,91,25,12,32,B
89,87,23,11,18,C
70,74,11,23,14,D
96,82,12,9,31,C
93,99,21,11,23,C
93,97,17,8,36,B
77,90,12,22,24,C
72,72,9,10,22,D
86,87,18,23,45,A
90,86,17,21,38,A
97,98,19,25,8,C
63,69,11,12,23,D
85,90,16,10,39,B
92,88,23,16,44,A
67,74,23,8,12,D
86,87,23,8,44,A
60,73,9,13,23,D
78,85,10,18,43,A
73,65,18,15,15,D
83,76,23,15,28,B
75,87,25,9,26,B
96,82,10,14,48,A
96,76,23,16,11,C
62,73,11,11,27,D
80,82,14,21,43,A
94,84,21,16,40,A
93,98,16,8,44,B
74,72,13,17,12,D
70,62,15,18,10,D
78,78,25,18,38,A
98,84,9,8,39,C
99,87,12,24,35,A
96,95,15,12,36,B
76,89,10,24,28,B
89,81,18,23,16,C
75,69,25,14,9,D
74,66,19,14,15,D
89,99,8,19,43,A
75,85,9,14,38,B
93,86,23,8,26,C
99,83,22,19,27,B
95,78,20,14,18,C
84,91,21,22,48,A
91,84,25,12,41,A
75,70,10,12,11,E
79,77,18,14,41,A
86,85,24,19,47,A
79,96,18,25,13,C
75,65,16,14,19,D
90,96,12,17,49,A
93,82,17,25,24,B
99,76,17,16,33,B
81,76,10,12,38,B
69,63,25,11,12,D
83,96,16,23,12,C
83,92,18,20,45,A
83,81,22,11,46,A
99,83,20,16,16,C
91,87,18,22,34,A
88,94,8,16,36,B
86,99,24,14,40,A
98,84,11,19,46,A
77,89,15,18,47,A
94,78,22,19,24,B
89,85,12,15,39,B
87,83,15,12,41,B
96,89,25,12,14,C
97,89,23,15,43,A
75,75,9,25,45,A
80,99,23,9,24,C
86,83,9,24,37,A
92,99,12,16,31,C
82,86,24,13,18,C
72,69,8,13,22,D
89,79,17,24,18,C
95,80,9,22,30,B
78,97,25,20,11,C
88,86,12,12,50,A
92,88,12,21,39,A
77,77,9,24,47,A
90,76,19,13,25,C
89,77,18,16,37,A
98,95,8,19,23,C
83,99,23,18,24,B
86,87,15,23,16,C
74,70,21,15,8,D
90,99,20,9,33,B
63,68,23,11,8,D
78,84,17,22,17,C
83,86,21,18,43,A
80,78,21,20,19,B
75,69,9,13,8,E
75,70,11,16,13,D
93,83,14,10,39,B
76,99,25,19,27,A
72,65,10,14,8,E
84,78,10,25,30,B
74,64,11,11,22,D
75,64,10,20,14,D
94,77,13,24,35,A
91,88,24,11,16,C
82,94,23,8,32,B
89,75,15,12,24,C
76,88,24,17,9,C
93,79,22,19,18,C
79,87,20,23,27,A
33,31,9,8,8,F
99,86,8,21,50,A
84,95,24,14,13,C
79,80,21,16,19,C
64,72,21,8,15,D
85,83,14,16,24,C
63,71,12,9,17,E
66,73,12,10,9,E
80,96,8,25,31,B
74,67,12,10,14,E
95,99,15,20,36,A
97,83,21,20,33,A
69,75,9,21,15,D
95,75,12,23,17,C
62,69,15,13,20,D
75,60,9,11,18,E
68,63,14,10,14,E
65,74,18,13,15,D
81,83,10,21,44,A
68,71,12,10,24,D
89,97,12,17,36,B
90,97,16,15,39,A
81,92,22,12,43,A
93,84,11,10,44,B
92,80,22,16,28,B
79,91,25,22,10,C
89,99,18,20,23,B
71,66,13,9,14,E
81,84,13,16,36,B
69,63,15,8,20,D
92,95,21,16,25,B
77,96,21,20,50,A
91,88,14,14,29,C
88,81,12,14,50,A
67,74,10,10,14,E
98,87,20,10,46,A
72,65,15,16,8,E
95,81,16,14,38,B
81,95,13,15,23,C
91,82,24,11,29,B
64,67,15,18,9,D
89,78,11,15,44,A
99,94,19,15,29,B
78,87,24,19,22,B
97,76,9,11,38,C
78,78,10,11,39,B
74,66,13,8,22,D
98,78,23,11,43,A
68,75,11,17,15,D
63,64,16,11,17,D
90,98,22,19,47,A
99,99,22,19,9,C
76,89,16,23,27,B
78,80,25,9,23,C
91,87,24,20,8,C
89,94,19,24,32,A
87,86,10,15,45,A
98,87,21,21,35,A
93,88,12,17,49,A
83,96,16,18,32,B
93,97,10,10,46,B
94,76,19,11,38,B
91,82,13,16,38,B
91,78,20,25,38,A
81,83,13,17,26,C
80,83,12,25,43,A
90,90,15,15,28,C
90,89,24,11,24,C
84,81,11,17,35,B
82,98,23,21,31,A
75,90,24,20,20,B
88,96,19,19,20,C
96,99,8,15,46,B
65,66,24,14,9,D
98,86,13,16,27,C
72,69,15,14,13,D
91,80,10,20,50,A
82,96,13,25,21,C
91,97,9,25,21,C
81,85,22,16,39,A
94,80,19,11,24,C
60,66,13,14,21,D
99,91,16,15,44,A
81,91,10,9,31,C
88,90,12,13,44,B
74,73,8,12,17,E
62,70,19,11,9,E
88,93,8,21,25,C
79,91,9,21,43,A
93,89,25,23,9,C
89,94,9,18,50,A
81,78,25,15,11,C
88,84,11,8,44,B
82,95,25,16,35,A
91,97,15,9,38,B
75,76,23,11,42,A
82,78,22,14,50,A
89,91,11,8,48,B
98,79,8,23,39,A
87,87,11,15,25,C
78,96,23,12,26,B
76,85,24,16,31,A
87,90,14,11,41,B
99,86,20,9,33,B
83,96,16,18,49,A
75,97,22,17,45,A
69,70,25,13,8,D
61,65,8,16,11,E
98,77,9,24,40,A
84,96,16,19,23,C
75,87,13,11,30,C
79,75,18,24,42,A
85,93,10,12,30,C
93,79,21,18,20,C
74,75,11,23,11,D
91,91,14,16,40,A
88,76,21,18,36,A
74,71,9,8,13,E
75,78,25,12,18,C
90,91,21,11,26,C
96,79,15,12,42,B
73,60,9,20,10,E
92,89,14,21,45,A
73,71,12,24,13,D
82,77,24,21,34,A
75,98,18,16,23,C
73,71,8,17,9,E
86,76,22,10,33,B
78,98,8,16,50,A
94,81,11,20,45,A
88,91,20,21,20,B
63,75,18,9,18,D
79,97,21,23,45,A
84,79,17,21,44,A
76,95,12,15,26,C
79,86,19,23,11,C
86,97,9,11,38,C
74,67,21,8,9,E
78,83,16,11,49,A
60,71,11,10,28,D
81,94,16,24,50,A
75,82,19,17,50,A
91,81,20,12,34,B
97,94,9,19,25,C
81,84,20,22,28,A
90,81,10,25,28,B
82,91,12,18,26,C
77,95,9,25,20,C
86,82,15,14,30,C
80,97,18,14,32,B
87,93,13,17,24,C
81,76,9,24,36,B
79,89,23,20,9,C
65,66,10,13,17,D
65,71,10,16,15,D
78,77,15,11,46,A
87,78,25,20,15,B
99,89,18,16,22,C
86,76,23,25,20,B
80,78,17,20,37,A
62,62,9,18,14,D
79,92,16,20,49,A
95,87,21,22,42,A
62,73,10,25,13,D
66,70,9,14,17,D
82,94,20,9,22,C
97,99,11,9,40,B
99,89,12,21,46,A
66,71,17,11,16,D
88,77,11,8,35,C
75,89,18,17,26,B
90,79,12,9,46,B
90,99,16,15,39,A
86,95,23,17,15,C
95,92,11,22,48,A
90,96,20,15,42,A
77,77,25,11,24,B
64,65,13,10,22,D
90,75,24,12,32,B
69,75,11,10,17,E
75,96,8,12,34,C
79,83,11,24,47,A
91,90,16,17,42,A
77,79,8,21,23,C
66,61,11,9,14,E
95,78,25,13,44,A
81,83,21,19,35,A
67,69,11,14,17,D
77,79,16,21,29,B
80,85,23,15,50,A
75,87,16,25,18,C
79,96,21,16,16,C
94,95,18,11,34,B
72,69,23,10,8,D
89,76,8,8,34,C
93,77,11,18,29,C
76,88,24,17,38,A
69,74,10,21,18,D
95,98,25,19,33,A
86,87,14,8,47,B
89,96,12,21,18,C
83,89,10,21,45,A
91,91,23,20,31,A
83,79,24,13,27,B
79,93,14,17,43,A
85,97,15,21,22,C
73,75,16,20,8,D
69,75,24,15,8,D
75,84,20,19,31,A
89,77,15,25,23,B
73,69,11,14,20,D
76,76,23,14,35,A
75,95,10,15,35,B
75,82,17,16,19,C
83,87,12,25,32,B
83,75,24,14,46,A
83,90,19,10,39,B
61,62,15,18,16,D
92,97,15,20,38,A
72,68,10,11,11,E
61,68,9,14,9,E
81,92,13,20,44,A
93,87,22,10,19,C
97,95,8,19,30,C
75,89,23,8,27,C
95,89,22,10,33,B
67,64,8,21,16,D
75,88,20,20,15,C
94,98,9,22,33,B
86,78,13,17,46,A
94,84,21,15,18,C
89,94,22,16,22,B
95,89,24,16,12,C
87,96,13,14,33,B
87,80,25,10,24,C
81,88,21,16,23,B
99,97,23,16,42,A
75,66,11,11,13,E
79,80,25,10,35,A
95,77,23,21,46,A
85,90,22,21,33,A
99,82,21,22,30,A
90,78,18,22,26,B
79,90,8,9,36,C
79,94,20,14,36,A
79,82,23,17,22,B
75,98,19,25,38,A
70,71,10,19,20,D
86,95,19,12,42,A
80,91,20,24,37,A
95,75,18,25,48,A
98,92,17,11,33,B
80,95,17,24,18,C
75,68,25,8,14,D
84,85,15,16,44,A
77,85,23,10,40,A
98,76,21,24,8,C
91,81,15,17,18,C
78,91,10,8,34,C
98,95,12,22,26,B
90,82,20,16,37,A
69,71,18,16,11,D
62,67,17,16,16,D
73,63,8,14,15,E
94,76,18,8,32,C
88,78,24,22,29,A
97,83,24,11,28,B
98,98,22,16,41,A
62,68,15,13,16,D
77,78,25,12,42,A
80,90,16,14,23,C
87,95,24,13,42,A
86,78,13,23,31,B
90,85,25,24,49,A
95,80,8,18,46,A
98,84,18,9,47,A
68,71,20,17,12,D
62,75,12,11,26,D
77,78,23,9,49,A
73,65,15,12,12,E
60,70,13,21,9,D
87,95,20,18,14,C
79,84,21,13,39,A
81,92,25,16,45,A
71,64,9,23,14,D
92,86,8,21,24,C
66,73,10,10,26,D
78,80,23,10,28,B
98,82,19,24,22,B
68,69,12,14,15,D
78,94,15,9,33,C
92,95,24,20,31,A
82,94,12,11,47,A
82,90,20,10,27,C
81,75,25,21,50,A
67,69,10,12,26,D
78,94,21,9,27,C
87,87,12,22,28,B
94,97,8,10,32,C
92,81,17,20,43,A
81,99,12,16,37,B
65,67,16,14,15,D
90,93,18,16,20,C
95,94,17,18,26,B
82,95,16,11,46,A
98,98,9,8,48,B
96,79,16,15,20,C
83,84,19,15,25,C
82,98,24,17,47,A
90,94,17,18,26,B
74,75,11,17,8,E
77,84,11,10,29,C
76,96,16,9,46,A
87,77,18,10,27,C
83,91,8,21,43,A
96,93,11,12,49,A
91,79,22,8,49,A
96,98,15,23,43,A
80,89,20,21,9,C
86,88,11,25,28,B
98,89,17,15,34,B
83,86,9,19,35,B
96,85,20,8,26,C
76,85,18,12,28,C
75,99,22,23,48,A
75,89,21,12,35,B
70,75,20,8,21,D
75,79,16,12,45,A
91,81,17,19,29,B
99,99,9,14,34,C
95,94,24,9,25,C
62,65,11,14,22,D
77,79,13,25,35,A
93,86,17,16,44,A
63,67,9,13,24,D
86,95,18,15,29,B
83,86,21,18,48,A
85,88,17,24,36,A
77,80,10,24,43,A
79,77,13,16,30,C
98,91,8,22,43,A
90,92,25,21,27,A
99,81,20,16,50,A
99,88,16,21,47,A
86,89,16,11,43,A
84,90,20,13,27,B
70,69,14,9,20,D
81,97,11,18,24,C
84,79,21,20,12,C
86,97,23,14,50,A
88,94,22,11,23,C
86,94,18,20,39,A
84,84,13,22,45,A
90,75,17,25,42,A
96,79,13,17,28,C
88,96,14,17,31,B
97,77,10,19,33,B
92,80,10,16,38,B
82,85,23,14,22,C
73,60,11,12,20,D
72,65,11,25,13,D
93,99,12,15,43,A
77,86,20,9,23,C
81,75,12,9,47,B
95,94,12,17,39,B
89,95,10,11,38,C
80,75,13,10,44,B
89,96,23,18,49,A
80,86,25,11,21,C
78,89,24,13,40,A
82,92,17,20,19,C
75,77,15,9,39,B
94,93,10,25,16,C
76,86,21,21,27,B
87,79,10,19,27,C
80,91,14,18,43,A
76,90,10,25,46,A
78,99,17,12,31,B
96,92,16,23,42,A
71,65,8,19,22,D
85,95,11,20,21,C
70,64,10,18,20,D
95,87,21,8,43,A
95,84,9,22,22,C
93,93,20,20,45,A
67,64,9,16,19,D
97,86,23,16,14,C
82,84,21,12,39,A
93,84,18,20,32,A
95,96,23,11,43,A
98,82,10,18,40,B
97,85,11,12,49,A
81,81,12,13,37,B
70,75,10,13,23,D
75,91,8,20,46,A
81,87,19,16,30,B
85,79,8,18,28,C
92,96,16,15,29,B
91,87,16,14,28,C
83,87,15,8,43,B
65,72,9,22,17,D
90,85,20,23,37,A
71,61,12,9,17,E
80,97,25,9,24,C
96,77,21,11,46,A
92,75,23,16,17,C
74,60,12,25,11,D
86,93,20,21,44,A
81,93,20,12,35,B
80,98,16,21,16,C
77,93,13,23,43,A
76,91,19,23,29,A
99,94,16,16,47,A
78,81,15,21,37,A
69,70,17,11,11,E
95,88,11,25,34,A
99,97,14,25,14,C
96,98,23,25,47,A
98,90,21,10,27,C
99,80,17,20,22,C
85,86,19,12,35,B
88,91,20,13,45,A
96,77,24,25,8,C
63,63,14,13,21,D
91,80,8,9,40,C
83,80,13,14,34,B
76,99,18,22,18,C
96,76,19,24,35,A
78,79,19,24,18,B
87,92,23,14,47,A
67,64,14,9,26,D
89,80,22,14,18,C
89,95,10,17,45,A
68,71,24,11,13,D
94,96,16,8,49,A
93,96,23,23,48,A
69,69,24,10,9,D
78,99,15,11,28,C
67,67,10,20,19,D
68,73,16,10,19,D
73,64,23,12,8,D
98,84,18,17,48,A
82,97,24,24,49,A
82,83,14,18,45,A
97,81,16,10,36,B
88,90,14,18,50,A
97,93,8,8,34,C
71,70,14,16,13,D
76,78,10,15,25,C
94,87,22,17,14,C
65,70,10,15,17,D
90,90,14,23,33,A
65,71,13,13,20,D
84,87,19,8,39,B
88,98,18,10,32,B
84,96,16,16,19,C
77,94,8,11,46,B
88,92,12,15,47,A
91,84,22,15,48,A
86,90,14,13,39,B
73,70,14,19,14,D
91,98,23,19,23,B
94,90,25,10,41,A
75,79,21,17,26,B
69,68,24,14,11,D
78,75,22,21,23,B
86,75,22,19,38,A
69,61,11,11,17,E
81,93,17,24,46,A
83,76,25,13,24,B
88,81,15,25,22,B
81,92,12,20,33,B
95,87,14,8,31,C
69,68,21,8,16,D
73,73,18,11,17,D
91,82,13,23,36,A
88,80,24,18,11,C
77,76,24,17,50,A
90,95,19,24,49,A
98,97,15,11,41,B
94,92,22,17,23,B
72,73,20,11,16,D
85,84,24,10,29,B
81,84,18,19,13,C
81,87,23,13,43,A
65,69,20,16,12,D
65,75,11,13,10,E
63,71,18,14,13,D
94,98,22,9,33,B
97,75,11,20,20,C
75,96,11,14,39,B
69,64,14,16,13,D
99,80,20,21,20,B
91,86,23,19,34,A
95,98,13,24,40,A
87,99,10,16,46,A
75,77,8,19,47,A
94,76,8,25,49,A
72,69,8,20,19,D
76,98,16,10,43,B
60,73,9,10,18,E
80,85,23,14,21,C
74,70,21,13,10,D
83,88,21,12,24,C
97,99,13,20,43,A
93,88,18,19,43,A
89,85,15,13,22,C
85,91,16,11,49,A
85,99,25,15,16,C
98,82,23,18,45,A
98,80,18,22,19,C
89,84,14,21,50,A
84,91,16,20,20,C
67,71,22,14,11,D
70,60,11,14,22,D
84,86,8,21,21,C
72,72,9,24,11,D
92,96,21,25,36,A
97,83,21,13,31,B
95,81,13,20,17,C
75,92,19,11,26,C
77,84,10,12,28,C
82,84,19,8,50,A
94,99,19,9,48,A
86,91,16,25,16,C
72,66,10,10,11,E
73,75,9,24,16,D
79,77,10,11,33,C
96,83,9,18,25,C
73,64,23,12,9,D
84,81,22,20,17,C
78,84,15,22,13,C
70,70,13,22,14,D
88,79,18,15,20,C
70,69,16,9,12,E
87,87,25,15,11,C
84,87,21,19,40,A
62,71,15,16,15,D
95,88,12,19,33,B
71,62,16,8,10,E
75,72,16,19,14,D
80,94,20,16,26,B
65,63,11,23,15,D
75,85,16,15,24,C
88,77,11,9,42,B
75,80,9,21,20,C
76,88,8,21,27,C
63,63,12,10,17,E
96,85,11,12,37,B
77,82,13,23,32,B
81,93,16,20,32,B
77,81,14,24,23,B
95,87,9,10,45,B
92,82,25,11,45,A
74,67,19,14,13,D
70,64,8,10,16,E
60,65,12,21,11,D
80,94,16,23,28,B
62,61,9,21,18,D
65,73,17,9,23,D
89,95,15,25,19,C
78,76,17,13,46,A
77,97,24,21,24,B
73,75,15,8,13,E
75,62,24,11,9,D
86,86,10,15,48,A
66,75,25,13,10,D
77,93,22,23,34,A
84,91,23,21,39,A
79,82,24,22,40,A
84,95,21,17,22,B
75,87,21,10,31,B
92,95,14,16,23,C
98,78,24,11,43,A
90,83,18,14,24,C
92,92,13,18,41,A
92,91,22,20,36,A
88,85,23,20,32,A
96,99,21,12,44,A
75,79,13,20,42,A
71,73,22,8,8,E
85,77,17,11,38,B
81,99,8,15,38,B
96,95,16,17,26,C
91,98,21,15,36,A
89,92,25,8,24,C
77,90,18,22,45,A
96,97,11,12,29,C
86,86,17,15,38,A
73,68,17,19,8,D
95,85,22,15,25,B
75,93,25,8,33,B
89,87,23,14,45,A
96,91,9,25,35,B
85,77,11,18,45,A
91,86,12,11,32,C
79,87,14,24,12,C
82,81,9,20,47,A
89,85,20,12,23,C
60,71,21,14,14,D
88,93,15,15,37,B
68,61,9,15,10,E
62,70,8,23,16,D
84,76,25,12,44,A
91,83,24,25,37,A
75,99,19,16,32,B
63,68,13,10,11,E
95,95,19,9,49,A
90,92,22,22,40,A
76,81,14,15,21,C
75,87,18,10,28,C
82,76,8,21,49,A
86,89,13,15,50,A
93,84,11,20,49,A
79,90,20,8,37,B
69,67,16,10,14,D
67,62,8,10,28,D
88,75,15,19,18,C
83,77,8,9,33,C
93,80,14,22,34,A
78,99,17,12,21,C
91,76,9,18,48,A
85,79,17,24,49,A
99,93,16,24,15,C
98,84,9,25,28,B
95,99,25,15,10,C
88,78,14,13,47,A
62,66,13,18,17,D
80,96,9,18,26,C
80,96,18,25,20,B
84,77,13,24,22,C
92,93,16,20,31,B
82,90,8,23,32,B
96,77,19,24,42,A
79,89,21,21,21,B
87,91,13,23,33,B
92,93,24,14,20,C
96,97,13,18,22,C
88,84,17,22,11,C
86,95,9,20,27,C
77,80,11,13,48,A
80,77,13,15,50,A
91,75,15,14,30,C
80,85,21,19,36,A
82,81,19,12,48,A
79,93,23,21,34,A
87,89,18,11,40,B
81,76,21,10,19,C
66,69,9,20,17,D
79,94,14,9,41,B
98,85,8,15,36,C
88,76,22,24,30,A
87,79,17,14,33,B
78,96,14,10,33,C
81,87,23,23,13,C
70,74,16,11,21,D
83,85,9,23,46,A
91,75,21,21,41,A
81,78,24,20,30,A
82,84,17,24,14,C
86,76,9,24,43,A
76,87,16,11,23,C
76,85,20,22,46,A
88,94,13,23,28,B
92,83,23,16,15,C
88,90,20,9,48,A
76,87,9,22,42,A
72,61,10,19,16,D
82,81,13,25,31,B
97,84,25,25,46,A
99,96,24,22,30,A
85,95,23,12,17,C
89,98,23,14,45,A
93,89,9,8,36,C
76,79,19,10,31,B
98,86,22,20,14,C
89,87,18,18,16,C
95,85,18,11,37,B
94,88,20,22,8,C
66,70,9,15,18,D
85,93,24,21,41,A
76,88,18,23,11,C
95,99,10,24,29,B
80,90,15,18,40,A
80,99,13,16,28,C
97,83,23,21,47,A
98,78,20,19,22,B
79,87,23,25,28,A
82,93,9,16,30,C
96,96,22,25,36,A
78,98,14,24,27,B
94,76,15,8,36,C
83,80,16,24,20,B
78,75,17,9,50,A
96,82,15,18,46,A
87,99,21,16,46,A
83,97,11,14,34,C
76,84,12,11,48,A
67,68,14,15,13,D
72,62,17,16,9,D
86,75,10,9,45,B
75,90,8,16,38,B
83,81,10,24,29,B
70,73,13,8,26,D
83,78,22,22,20,B
99,78,22,24,44,A
76,93,8,20,45,A
77,77,14,23,32,B
81,90,20,24,50,A
96,87,25,17,16,C
70,73,9,8,21,E
84,92,21,15,35,A
81,93,25,25,50,A
92,81,24,19,45,A
99,85,11,8,32,C
72,74,10,8,28,D
65,72,11,15,17,D
95,90,10,10,41,B
81,86,9,13,38,B
75,67,8,13,9,E
83,84,17,13,22,C
98,86,17,16,38,A
70,61,10,9,15,E
74,60,11,18,8,E
61,72,11,9,27,D
94,99,23,11,26,B
69,66,8,9,13,E
71,67,12,13,9,E
85,91,8,17,25,C
75,91,22,22,13,C
89,85,25,12,18,C
98,95,19,16,15,C
96,89,10,24,40,A
99,82,16,15,22,C
83,94,17,13,22,C
68,73,11,9,19,E
95,78,10,15,29,C
75,87,22,19,30,A
88,87,23,9,49,A
90,87,25,24,47,A
70,64,11,15,20,D
71,74,18,11,13,D
68,62,9,21,10,D
72,68,12,14,18,D
99,96,24,16,33,A
83,83,18,15,30,B
93,98,25,20,34,A
73,67,22,12,10,D
25,30,12,9,8,F
78,91,22,15,41,A
88,89,13,13,29,C
65,60,18,10,17,D
81,94,8,23,46,A
99,84,8,23,28,C
86,98,18,25,13,C
97,92,9,22,31,B
70,74,10,16,16,D
74,63,15,8,25,D
80,90,25,25,35,A
75,86,23,15,12,C
81,89,14,20,33,B
79,82,9,17,28,C
99,96,23,24,26,A
90,99,22,16,12,C
73,75,14,10,24,D
95,76,23,25,31,A
86,98,15,19,40,A
98,93,19,8,37,B
76,80,16,18,25,C
98,95,23,20,36,A
75,83,14,19,37,A
92,77,14,10,34,C
92,90,8,17,35,B
60,71,13,12,19,D
84,91,20,24,28,A
82,83,11,9,35,C
97,78,24,10,32,B
67,66,15,17,14,D
64,62,14,8,23,D
82,87,11,10,38,C
64,68,19,8,14,D
94,84,21,10,32,B
77,99,14,19,23,C
94,90,15,12,37,B
85,80,24,24,11,C
79,98,9,21,33,B
99,81,16,16,49,A
87,79,15,11,45,A
66,66,13,8,27,D
63,69,12,10,14,E
78,99,16,16,38,A
97,78,21,16,26,B
85,82,24,19,41,A
89,75,15,22,26,B
98,78,12,21,28,B
88,88,13,17,49,A
65,68,14,11,10,E
71,65,9,11,23,D
87,75,14,15,24,C
93,78,21,10,48,A
88,75,12,21,40,A
66,75,8,10,14,E
88,81,19,19,48,A
80,80,13,15,25,C
71,67,10,22,16,D
72,66,11,11,11,E
60,60,12,10,16,E
76,89,25,11,35,A
79,79,21,19,45,A
96,88,15,20,26,B
60,71,20,10,10,D
83,75,17,24,36,A
95,94,23,25,36,A
94,77,9,19,47,A
84,92,20,21,19,B
83,78,17,24,49,A
88,77,11,19,29,C
23,29,8,8,10,F
64,67,14,9,9,E
83,82,21,13,46,A
91,99,20,9,25,C
79,79,10,17,33,B
97,89,15,17,48,A
76,93,10,24,41,A
82,90,12,24,28,B
75,94,19,23,25,B
99,86,25,16,24,B
72,74,15,12,12,E
88,77,20,16,24,B
73,63,15,12,15,D
82,79,23,25,40,A
60,75,23,8,8,E
86,98,24,24,13,B
76,75,25,24,40,A
98,83,25,19,22,B
90,86,20,17,39,A
82,91,10,18,25,C
70,61,14,13,14,D
84,96,16,18,44,A
72,67,20,11,9,D
89,95,23,24,39,A
62,70,10,11,27,D
96,77,12,25,28,B
75,92,20,15,16,C
76,80,22,23,14,C
63,64,11,11,25,D
80,80,9,23,34,B
75,83,10,19,29,C
77,77,22,15,37,A
97,92,11,16,41,B
97,75,18,8,37,B
78,80,20,12,47,A
76,88,15,22,38,A
99,90,22,13,17,C
86,81,25,23,30,A
78,79,19,18,16,C
87,80,21,14,38,A
95,89,16,16,43,A
62,60,11,8,11,E
90,97,19,11,48,A
85,93,24,20,42,A
79,75,21,20,33,A
84,76,22,22,40,A
65,72,9,10,21,D
83,90,21,14,35,A
96,85,19,24,32,A
77,92,12,11,46,B
62,72,19,10,20,D
93,88,18,23,47,A
85,94,19,13,28,B
98,90,17,19,41,A
73,66,19,12,16,D
95,93,11,14,35,B
93,76,24,16,10,C
65,61,12,22,13,D
82,81,17,11,22,C
94,91,15,24,12,C
75,98,15,23,38,A
89,78,20,10,21,C
88,87,16,10,46,A
79,78,17,22,12,C
81,78,22,14,47,A
93,93,15,10,33,C
90,99,25,19,46,A
97,90,22,10,32,B
77,87,24,24,25,A
87,90,16,25,13,C
96,83,23,20,14,C
99,81,10,17,35,B
81,83,21,12,44,A
63,67,13,10,19,D
71,72,8,15,26,D
81,90,19,23,23,B
84,87,22,15,16,C
82,84,15,15,30,B
95,89,9,22,41,A
79,93,13,16,31,B
81,76,11,25,21,C
70,75,8,10,21,E
97,97,14,16,50,A
82,81,24,14,27,B
79,78,24,24,9,C
98,88,18,19,33,A
80,93,25,8,23,C
81,87,18,11,26,C
60,68,11,18,18,D
73,74,10,8,25,D
74,62,15,16,9,D
86,92,19,21,40,A
79,84,14,8,35,C
94,99,10,21,50,A
94,89,13,11,40,B
96,77,25,14,27,B
77,91,12,19,45,A
75,60,11,9,28,D
64,74,17,18,9,D
84,95,15,21,47,A
87,87,8,20,41,B
76,76,14,12,48,A
76,85,10,25,36,A
82,83,22,10,27,C
81,78,11,22,40,A
95,85,9,16,45,A
33,35,9,9,10,F
84,79,17,23,23,B
62,62,21,9,14,D
60,65,9,12,12,E
90,89,23,15,19,C
77,77,25,18,8,C
97,90,21,20,11,C
65,63,10,10,27,D
88,82,12,20,18,C
68,61,9,17,14,D
77,76,8,10,38,C
92,80,24,18,16,C
76,87,13,23,21,C
98,79,15,10,46,A
76,99,20,15,48,A
92,90,17,23,15,C
86,79,18,16,35,B
84,91,23,12,30,B
76,76,25,23,30,A
80,75,17,22,40,A
75,70,9,24,13,D
93,75,13,13,39,B
64,72,14,9,17,D
92,90,20,8,38,B
88,86,8,19,49,A
92,97,22,23,24,B
63,65,10,12,21,D
85,78,24,14,34,A
76,78,15,20,37,A
81,97,22,17,13,C
69,70,10,22,15,D
83,89,16,9,36,B
78,76,13,22,50,A
92,80,11,21,32,B
78,88,17,24,33,A
95,75,19,9,49,A
82,76,16,25,28,B
92,78,14,10,31,C
98,85,8,25,30,B
83,86,10,17,36,B
78,84,11,19,27,C
91,93,15,14,37,B
84,75,15,14,32,B
88,98,18,18,31,B
78,88,15,12,34,B
98,83,11,17,38,B
69,73,13,12,12,E
94,85,14,24,40,A
81,86,20,21,41,A
65,67,12,16,11,E
70,72,10,12,19,D
84,97,10,11,49,A
88,81,19,17,26,B
84,83,9,15,42,B
71,63,11,14,21,D
67,60,11,15,14,D
72,62,12,10,11,E
98,89,20,13,35,B
94,90,19,22,32,A
91,78,8,20,49,A
73,70,22,13,9,D
75,67,17,13,18,D
81,89,24,17,10,C
99,83,24,10,46,A
81,87,25,9,50,A
62,70,16,10,14,D
74,75,20,21,8,D
79,93,8,19,49,A
91,83,17,22,50,A
92,85,8,24,45,A
79,83,19,23,38,A
98,84,24,16,35,A
81,95,25,24,34,A
93,85,25,15,14,C
65,64,10,20,19,D
68,69,11,19,12,D
98,78,13,23,35,A
85,99,10,16,36,B
95,75,24,12,44,A
77,98,8,22,24,C
99,76,24,22,44,A
83,86,25,8,29,B
79,98,22,14,47,A
82,75,20,24,30,A
97,79,21,24,34,A
89,94,8,24,36,B
78,85,10,13,37,B
93,89,22,13,47,A
83,98,17,23,13,C
73,73,21,11,8,D
85,89,13,22,21,C
73,70,9,11,27,D
63,62,10,19,13,D
76,89,21,9,31,B
98,89,21,22,30,A
97,86,25,24,11,B
70,75,8,15,8,E
95,76,9,23,21,C
96,78,25,18,25,B
79,98,19,21,41,A
90,91,23,20,35,A
96,80,13,17,44,A
77,83,20,10,42,A
88,84,25,14,46,A
69,64,11,8,22,D
85,76,20,20,35,A
84,79,21,25,35,A
81,92,24,19,46,A
99,91,19,17,40,A
76,90,19,15,44,A
24,24,9,8,12,F
91,94,22,20,21,B
81,81,8,8,48,B
97,96,18,9,41,B
76,85,22,24,9,C
82,78,21,14,33,B
86,99,21,13,20,C
82,79,25,18,32,A
99,95,20,18,43,A
89,85,11,13,44,B
98,83,13,11,39,B
87,98,11,22,38,A
66,75,10,12,23,D
95,79,13,12,31,C
91,79,24,9,31,B
87,85,8,24,47,A
66,61,11,21,9,D
93,86,25,8,49,A
69,67,10,13,11,E
88,78,11,20,31,B
94,90,18,12,30,B
97,98,17,24,38,A
99,88,14,19,44,A
81,78,21,13,31,B
78,83,16,14,26,C
99,87,10,17,30,C
91,92,21,16,32,B
87,85,19,15,28,B
67,73,11,8,24,D
79,82,15,10,41,B
96,90,15,19,42,A
83,98,18,24,12,C
75,89,18,18,48,A
90,88,15,19,50,A
63,67,11,9,11,E
88,94,9,18,35,B
85,77,17,8,43,B
90,96,20,16,22,C
64,62,15,19,9,D
95,86,12,25,39,A
67,68,19,12,11,D
67,66,16,22,11,D
81,94,9,20,32,B
84,89,18,17,33,B
82,98,15,19,23,C
81,79,24,13,43,A
94,80,22,13,20,C
94,99,24,9,20,C
79,90,22,22,26,A
89,77,23,20,14,C
89,90,8,15,35,C
74,68,17,12,15,D
97,84,18,15,36,B
60,61,19,10,14,D
81,90,13,11,32,C
64,72,20,10,13,D
95,86,14,17,32,B
75,70,22,8,11,D
60,73,15,12,21,D
88,93,11,13,38,B
78,82,11,10,32,C
79,79,15,20,34,B
79,93,15,18,20,C
79,78,22,16,37,A
60,63,9,13,26,D
93,86,21,22,25,B
99,79,18,14,23,C
89,99,9,14,50,A
75,96,19,22,15,C
63,65,13,11,23,D
84,77,11,15,49,A
74,69,19,12,14,D
98,77,18,16,37,A
92,82,23,11,42,A
88,87,17,11,42,A
97,77,21,25,34,A
76,97,19,14,41,A
68,70,8,16,11,E
89,89,9,22,32,B
76,91,10,22,43,A
75,78,11,21,39,A
90,90,8,25,44,A
63,69,12,12,13,E
88,92,9,23,37,B
70,72,12,19,11,D
73,67,8,16,23,D
85,82,15,8,40,B
99,87,8,11,35,C
65,61,12,14,20,D
90,95,25,13,26,B
80,86,15,17,23,C
92,85,21,15,27,B
73,70,16,17,13,D
85,76,10,19,21,C
76,79,20,18,40,A
96,92,25,13,20,C
83,84,20,24,31,A
67,72,9,17,12,E
96,91,16,25,22,B
77,81,10,15,27,C
93,80,12,23,44,A
72,71,13,9,16,E
75,90,20,14,45,A
60,60,10,8,21,E
79,94,19,23,46,A
81,86,21,18,25,B
85,76,22,24,22,B
84,86,21,23,41,A
62,62,8,18,8,E
86,84,22,9,36,B
83,88,21,13,22,C
81,89,22,11,30,B
85,78,13,16,49,A
96,91,14,15,41,A
81,75,19,25,34,A
83,88,23,17,39,A
68,68,10,11,25,D
62,71,16,8,19,D
64,69,11,21,15,D
75,72,13,13,19,D
76,78,8,25,20,C
92,81,25,21,20,B
87,75,17,23,36,A
86,88,17,9,46,A
70,75,22,16,8,D
92,83,12,10,46,B
96,95,18,25,42,A
95,83,17,16,49,A
62,64,10,11,23,D
78,91,21,17,19,C
99,75,21,16,44,A
97,77,22,23,10,C
97,93,13,12,41,B
84,84,20,21,38,A
75,73,12,9,24,D
74,61,10,24,9,D
79,77,19,25,37,A
98,83,25,9,16,C
78,90,20,15,30,B
61,64,11,8,28,D
75,64,22,8,11,D
95,97,11,17,35,B
87,86,16,14,34,B
95,98,24,24,42,A
87,92,24,8,27,C
71,63,13,15,16,D
81,98,23,22,9,C
74,71,11,10,22,D
99,76,11,25,36,A
88,85,12,24,50,A
71,75,15,16,17,D
86,75,24,20,33,A
78,92,9,15,37,B
92,77,23,12,48,A
78,89,15,25,36,A
77,78,18,14,34,B
93,86,15,20,40,A
97,76,25,22,11,C
95,81,15,9,41,B
84,97,24,9,49,A
87,92,15,24,24,B
91,77,16,9,43,B
77,89,13,15,34,B
75,64,9,14,17,D
95,79,18,24,21,B
69,75,21,13,8,D
21,22,8,10,8,F
91,99,11,19,21,C
96,89,11,19,32,B
75,79,12,9,44,B
94,80,22,16,41,A
77,79,17,22,34,A
86,89,23,18,11,C
75,84,19,25,27,A
81,87,18,18,49,A
96,79,19,14,29,B
76,99,8,11,45,B
60,75,21,15,11,D
88,75,15,18,41,A
99,94,21,24,17,B
92,75,22,16,40,A
66,75,9,19,19,D
92,98,13,8,30,C
81,76,22,10,47,A
85,77,19,12,36,B
92,75,24,8,36,B
78,95,12,25,26,B
82,90,23,17,18,C
90,98,21,17,31,B
70,66,10,9,13,E
65,67,21,10,18,D
79,79,17,22,39,A
70,61,12,16,14,D
72,67,8,14,26,D
94,98,9,23,37,B
83,82,10,20,23,C
77,93,12,21,48,A
82,96,15,11,47,A
85,86,15,21,19,C
81,98,21,13,27,B
75,88,24,18,49,A
93,97,14,24,45,A
80,93,24,22,12,C
92,98,17,24,17,C
85,97,23,11,28,B
86,89,21,21,44,A
74,69,23,9,8,D
91,89,21,18,26,B
61,70,9,19,13,D
90,77,18,19,16,C
95,83,24,21,23,B
86,96,20,12,20,C
86,81,10,23,25,C
78,96,17,9,33,C
94,81,20,21,17,C
81,92,19,22,42,A
80,81,13,24,26,B
89,80,10,10,49,B
78,84,24,8,44,A
80,90,8,12,32,C
87,98,13,23,35,A
99,92,17,14,41,A
84,78,11,19,43,A
99,97,9,21,35,B
77,82,9,19,37,B
77,76,22,23,34,A
99,98,17,17,31,B
87,92,17,10,34,B
96,80,25,13,20,C
93,80,20,22,21,B
69,68,13,15,10,E
91,82,8,22,32,B
97,81,24,17,34,A
88,99,22,17,18,C
77,92,22,19,25,B
82,90,25,21,9,C
90,95,14,12,35,B
99,84,24,21,11,C
88,86,16,20,19,C
81,83,21,11,33,B
85,93,19,20,31,A
80,76,24,8,35,B
78,89,25,13,32,A
82,76,18,8,35,B
83,98,21,21,50,A
71,73,19,8,10,E
89,79,11,11,36,C
80,90,12,12,31,C
84,97,23,16,24,B
69,74,21,11,13,D
80,93,12,11,43,B
81,81,24,11,33,B
65,64,8,19,16,D
76,92,20,19,45,A
92,97,9,16,26,C
60,62,9,10,25,D
98,89,25,19,48,A
71,73,8,17,16,D
88,77,22,22,42,A
86,99,23,19,18,B
87,81,23,22,40,A
79,76,22,14,25,B
99,91,23,15,22,B
87,97,22,13,27,B
71,66,22,14,13,D
70,72,12,17,10,E
61,69,10,20,12,D
83,75,23,13,42,A
66,74,12,24,11,D
67,70,10,8,20,E
87,75,15,20,36,A
96,86,20,23,24,B
61,71,18,14,13,D
87,84,19,24,22,B
90,90,9,19,23,C
67,68,8,21,19,D
83,78,22,20,10,C
75,80,13,17,49,A
78,87,9,17,28,C
65,69,15,15,9,E
99,84,10,25,37,A
64,75,10,13,15,E
89,76,21,21,20,B
75,84,20,15,34,B
86,93,22,17,12,C
76,81,16,17,25,C
82,91,17,21,41,A
95,96,16,17,25,C
92,95,25,24,14,B
71,64,18,14,12,D
96,77,17,17,16,C
85,83,17,24,30,A
83,94,18,19,38,A
94,78,19,14,47,A
93,91,23,24,31,A
85,87,22,10,36,B
89,98,17,23,24,B
67,63,24,9,10,D
85,82,23,25,28,A
69,73,19,13,15,D
74,66,10,16,18,D
77,84,15,16,49,A
93,79,17,16,21,C
82,77,14,12,45,A
92,78,16,17,46,A
98,88,25,21,46,A
92,99,11,24,48,A
77,87,16,10,25,C
61,70,9,17,22,D
64,63,14,16,15,D
91,98,17,14,25,C
77,96,19,19,40,A
88,85,21,20,44,A
93,75,16,19,39,A
90,76,12,15,36,B
99,82,8,16,37,B
76,98,11,13,34,C
96,97,25,15,11,C
86,94,23,13,45,A
77,96,15,8,32,C
85,80,21,10,36,B
91,85,16,23,11,C
91,90,14,22,48,A
90,75,22,17,21,B
76,78,8,9,45,B
89,76,19,15,35,B
88,86,11,10,31,C
74,72,15,11,19,D
97,96,15,25,49,A
93,97,12,18,38,B
66,69,17,9,12,E
88,97,13,12,34,C
80,80,23,9,30,B
76,96,16,25,17,C
70,60,8,16,18,D
74,72,9,19,17,D
95,78,18,18,38,A
92,85,22,23,30,A
77,75,15,17,37,B
92,95,18,13,30,B
83,96,22,21,18,B
95,75,18,20,31,B
89,76,23,22,28,A
63,61,10,12,8,E
89,87,23,20,19,B
90,96,25,13,36,A
86,92,10,25,33,B
98,75,22,24,46,A
87,93,16,20,32,B
87,94,19,23,16,C
76,85,22,15,48,A
76,91,8,24,32,B
79,80,9,17,44,A
75,91,11,21,47,A
89,76,24,21,32,A
81,98,14,23,33,A
99,79,19,18,16,C
91,82,19,15,17,C
79,75,15,12,45,A
87,85,18,24,11,C
81,76,16,15,20,C
91,89,19,22,48,A
78,88,23,25,42,A
87,96,16,13,44,A
65,61,16,11,12,E
82,93,11,14,37,B
61,73,11,11,22,D
96,99,17,20,28,B
85,77,19,20,26,B
92,77,24,17,13,C
75,85,18,23,44,A
88,95,24,23,31,A
90,80,23,25,26,A
99,92,13,16,40,B
99,75,15,14,45,A
72,66,14,15,19,D
97,90,14,13,31,C
92,86,17,21,14,C
77,99,22,23,35,A
99,82,20,22,50,A
65,62,14,12,19,D
81,95,14,9,44,B
93,80,9,15,46,A
69,71,20,15,9,D
84,91,19,25,37,A
91,77,20,9,30,C
97,85,16,9,47,A
63,69,12,18,14,D
77,87,23,18,27,B
68,66,12,21,8,D
77,99,19,21,47,A
98,84,21,17,39,A
80,75,13,9,32,C
90,97,13,19,19,C
69,61,25,8,9,D
75,60,14,14,19,D
94,83,19,25,11,C
92,95,15,10,36,B
86,89,21,24,44,A
69,61,13,14,12,E
76,81,18,19,41,A
78,89,25,25,23,A
85,97,20,10,38,B
83,81,17,10,37,B
78,84,13,24,17,C
65,69,14,16,17,D
88,90,9,19,39,B
84,84,16,21,26,B
83,75,25,18,45,A
78,83,17,11,33,B
88,98,11,23,29,B
81,92,14,13,48,A
77,81,19,18,28,B
82,81,17,21,25,B
62,68,10,12,14,E
91,89,20,11,49,A
78,95,21,17,18,C
86,76,17,17,35,B
95,81,22,12,45,A
89,89,23,11,17,C
83,88,20,25,43,A
92,92,14,21,38,A
99,77,14,13,44,A
92,89,23,14,50,A
97,80,20,9,43,A
80,80,20,16,33,B
79,86,13,13,41,B
78,79,23,10,18,C
97,87,15,10,45,A
61,65,17,10,11,E
69,64,20,10,12,D
98,94,11,23,41,A
98,99,25,19,35,A
92,92,13,24,33,A
82,82,24,16,26,B
82,78,18,16,45,A
95,90,10,25,28,B
93,88,11,22,25,C
94,88,22,16,31,B
77,91,9,24,27,B
95,80,22,10,26,C
76,83,18,23,28,B
68,63,14,16,16,D
95,93,24,10,47,A
69,74,17,12,14,D
89,99,17,19,38,A
83,96,21,20,25,B
83,78,14,21,19,C
97,85,24,24,48,A
81,85,18,12,34,B
88,94,19,17,26,B
96,84,10,19,49,A
85,99,23,19,38,A
75,97,20,21,43,A
78,92,8,16,38,B
80,82,14,23,13,C
70,67,12,16,9,E
86,76,11,25,37,A
82,81,10,15,31,C
75,80,21,24,34,A
76,89,20,8,25,C
81,78,15,22,38,A
61,67,19,16,9,D
92,85,17,14,32,B
67,65,8,11,30,D
86,81,16,16,26,C
83,95,15,10,42,B
99,91,20,13,47,A
71,60,13,19,16,D
73,70,11,22,16,D
83,93,9,22,44,A
88,84,10,14,44,B
87,98,14,25,22,B
90,82,14,23,20,C
92,79,14,8,43,B
80,96,15,19,46,A
86,90,19,10,50,A
85,94,12,8,41,B
88,82,8,20,38,B
86,80,10,16,29,C
67,70,14,17,10,D
99,97,9,18,28,C
85,80,9,23,41,A
84,84,20,24,22,B
95,76,21,24,50,A
84,75,19,20,49,A
60,62,19,15,11,D
61,70,13,10,25,D
97,95,14,21,42,A
77,89,15,23,49,A
83,85,19,25,23,B
61,66,20,16,9,D
84,77,25,17,49,A
90,82,21,17,36,A
83,97,8,8,37,C
98,85,10,22,43,A
84,77,18,13,40,A
86,93,16,24,29,B
90,84,14,11,48,A
79,89,16,22,30,B
89,97,14,14,48,A
78,76,15,20,50,A
66,72,15,18,14,D
87,85,25,20,18,B
78,95,25,10,20,C
90,80,19,25,19,B
91,76,19,14,46,A
82,80,14,21,24,C
82,78,11,24,18,C
78,86,8,20,50,A
72,68,8,10,15,E
70,60,15,12,17,D
95,77,11,19,21,C
82,99,22,8,26,C
89,82,22,21,44,A
86,77,20,21,25,B
92,78,14,24,34,A
66,65,13,13,9,E
80,78,13,19,43,A
72,61,10,12,11,E
87,77,18,9,35,B
97,91,20,22,20,B
84,89,23,11,21,C
97,99,18,20,43,A
95,86,23,9,47,A
77,85,20,23,23,B
81,86,23,22,35,A
72,69,10,9,21,D
77,98,24,12,34,A
96,94,18,8,36,B
68,73,14,16,13,D
76,88,9,21,23,C
79,79,16,9,35,B
73,74,13,14,21,D
88,87,8,16,35,C
78,92,17,12,27,C
69,72,13,12,8,E
93,95,12,11,38,B
87,85,21,21,40,A
87,76,19,23,34,A
81,96,18,11,31,B
86,93,22,17,41,A
76,77,21,19,16,C
91,91,14,18,22,C
79,91,24,18,20,B
91,84,16,8,50,A
79,87,21,21,50,A
88,78,18,13,50,A
81,81,24,13,22,C
71,75,10,13,26,D
91,83,24,14,47,A
94,87,18,10,35,B
63,62,8,10,31,D
90,89,15,12,48,A
83,77,21,9,28,C
76,82,15,23,50,A
93,88,22,19,46,A
82,88,24,23,43,A
77,92,25,25,49,A
78,99,11,12,32,C
93,88,16,9,42,B
84,99,25,16,44,A
93,87,22,10,22,C
75,75,14,25,45,A
89,91,15,25,10,C
80,86,9,19,24,C
77,92,13,23,27,B
95,87,16,15,34,B
89,95,19,10,35,B
92,86,19,9,48,A
74,64,23,9,15,D
87,81,20,16,17,C
89,95,23,10,49,A
80,92,10,8,37,C
90,78,14,22,25,B
92,91,25,8,31,B
91,92,18,16,39,A
95,87,23,16,45,A
76,85,25,15,43,A
97,99,10,13,41,B
94,81,11,22,44,A
97,84,19,16,28,B
97,85,21,12,24,C
76,93,22,23,18,B
98,98,18,23,21,B
88,98,18,14,45,A
81,98,25,15,17,C
77,82,23,15,13,C
75,93,16,17,32,B
73,61,21,16,8,D
88,89,18,23,50,A
80,96,11,18,35,B
82,86,23,13,44,A
92,76,11,9,38,C
90,88,9,16,27,C
83,85,22,21,18,B
72,70,14,23,11,D
80,84,18,13,23,C
81,96,13,22,28,B
75,82,13,23,16,C
90,93,10,21,39,A
83,75,12,9,35,C
86,88,16,22,46,A
82,83,25,25,29,A
79,94,10,21,40,A
86,82,14,25,24,B
78,78,16,14,21,C
88,94,12,20,37,B
77,85,22,20,13,C
62,72,8,20,21,D
96,83,11,17,37,B
78,85,20,22,9,C
65,70,12,9,11,E
93,80,19,21,40,A
75,69,18,15,12,D
72,75,10,10,11,E
61,60,11,23,13,D
98,97,20,25,38,A
73,60,11,11,21,D
96,89,12,21,21,C
69,67,11,15,19,D
72,74,12,12,16,D
82,98,24,12,42,A
82,96,22,15,33,A
98,84,23,11,39,A
94,96,14,24,12,C
80,75,24,22,41,A
94,98,8,15,46,B
99,90,14,12,50,A
98,89,9,9,50,B
99,91,22,16,42,A
98,98,17,21,20,C
82,85,18,12,21,C
89,92,17,13,33,B
95,86,14,10,47,A
87,94,15,15,34,B
92,84,17,19,34,A
90,89,22,17,19,C
87,96,23,19,25,B
82,77,10,10,48,B
79,80,16,19,39,A
93,91,16,19,19,C
93,84,10,17,40,B
64,73,10,14,17,D
79,90,10,18,28,C
84,98,13,25,14,C
81,85,19,21,13,C
78,76,19,14,49,A
84,75,19,10,38,B
88,88,16,19,34,B
80,86,15,25,28,B
92,85,21,16,40,A
61,72,20,14,10,D
81,78,14,25,49,A
77,80,12,24,14,C
84,77,16,13,29,C
94,93,23,20,47,A
77,99,21,23,33,A
78,77,16,20,31,B
81,92,8,19,23,C
99,87,9,16,49,A
99,99,25,20,24,B
75,83,18,21,33,A
60,70,11,10,28,D
85,82,22,23,45,A
89,98,23,11,29,B
62,71,18,18,11,D
84,88,13,19,26,C
97,95,25,11,31,B
78,91,18,14,49,A
69,67,12,11,14,E
69,72,12,19,18,D
92,78,17,24,47,A
60,64,9,14,14,E
90,77,23,9,41,A
97,88,16,19,22,C
93,96,16,20,28,B
94,87,21,13,38,A
93,81,20,17,37,A
92,76,24,20,19,B
75,85,9,12,50,A
90,93,15,20,16,C
97,90,23,11,20,C
62,63,14,14,9,E
82,81,12,24,33,B
75,67,22,17,9,D
96,87,15,13,25,C
77,83,24,24,22,A
94,88,24,21,16,B
63,75,16,12,15,D
88,93,9,18,34,B
97,92,17,8,30,C
92,80,23,16,22,B
98,98,19,12,28,C
87,89,21,8,48,A
84,77,22,25,16,B
68,72,15,16,13,D
87,76,12,14,30,C
84,99,22,18,40,A
76,85,20,24,16,B
85,90,17,13,40,A
84,99,11,15,45,A
72,74,13,8,22,D
92,94,22,21,13,C
60,73,11,11,16,E
78,78,11,21,39,A
65,68,23,13,12,D
99,99,20,21,29,A
61,75,22,13,9,D
96,91,8,21,40,B
85,87,15,17,32,B
62,61,17,19,9,D
91,84,19,18,14,C
99,80,12,25,23,B
90,86,24,16,49,A
76,96,11,12,42,B
87,91,19,19,38,A
71,75,14,16,17,D
60,65,11,10,20,D
99,82,22,17,27,B
63,72,8,10,23,D
64,63,15,14,19,D
87,95,17,21,41,A
84,98,21,24,19,B
92,92,24,19,13,C
89,81,8,19,44,A
79,93,19,25,45,A
85,85,16,10,36,B
67,63,10,16,23,D
91,90,22,17,14,C
79,79,8,19,46,A
90,94,21,12,43,A
83,95,19,25,30,A
79,89,22,24,41,A
67,74,11,15,18,D
83,94,18,22,38,A
97,86,25,14,17,C
88,97,19,17,38,A
70,73,14,13,19,D
80,92,20,11,33,B
83,75,17,25,25,B
70,63,10,11,9,E
88,77,15,9,33,C
99,94,21,12,20,C
80,80,17,13,40,A
86,80,20,9,21,C
96,87,14,17,45,A
66,66,9,9,30,D
81,77,25,12,14,C
95,76,20,20,13,C
73,67,15,16,13,D
71,63,11,19,13,D
78,92,18,14,36,B
83,98,11,13,40,B
92,81,18,19,25,B
94,80,18,19,15,C
90,82,21,10,27,C
65,66,17,22,8,D
98,90,25,8,26,C
27,15,8,10,8,F
97,83,22,24,39,A
91,96,9,22,36,B
92,86,10,23,26,C
70,70,16,8,25,D
90,80,19,16,22,C
95,81,14,9,45,B
88,76,20,23,23,B
76,81,12,8,31,C
85,93,8,14,39,B
83,75,19,24,46,A
95,77,10,22,24,C
82,98,12,9,37,C
95,88,24,22,21,B
68,70,22,14,8,D
78,76,12,8,47,B
88,80,21,15,34,A
90,75,14,11,33,C
95,88,20,15,49,A
96,75,16,12,40,B
69,72,11,21,14,D
89,80,16,9,34,C
75,91,14,23,36,A
97,97,8,8,47,B
96,94,8,25,32,B
71,67,20,8,16,D
65,67,14,11,9,E
89,82,19,25,20,B
83,95,25,11,15,C
61,63,13,9,20,D
80,79,20,14,30,B
61,75,16,10,8,E
67,71,18,18,10,D
76,98,10,23,19,C
95,96,9,23,39,A
68,60,20,8,8,E
99,98,22,17,45,A
88,85,19,13,35,B
92,88,23,11,42,A
87,93,10,21,45,A
73,65,16,9,13,E
77,75,9,10,38,C
77,75,11,22,41,A
92,75,20,13,50,A
80,76,22,24,42,A
63,63,8,18,11,E
95,81,22,8,29,C
92,91,24,18,48,A
79,92,9,16,43,B
84,80,20,19,40,A
80,91,15,18,34,B
95,98,15,20,45,A
74,66,9,14,13,E
77,82,13,19,23,C
87,82,25,8,37,A
99,86,22,14,41,A
89,85,11,24,25,B
87,81,20,12,36,B
99,91,20,16,22,C
63,63,18,16,11,D
76,79,24,23,39,A
86,97,25,15,37,A
77,88,23,13,31,B
87,86,24,15,28,B
61,66,21,12,13,D
92,90,12,23,47,A
85,93,18,8,33,C
83,77,19,11,39,B
84,83,22,18,28,B
99,88,19,23,26,B
79,92,22,8,45,A
97,79,10,25,31,B
69,63,18,9,8,E
90,99,21,10,45,A
96,96,25,18,12,C
86,87,21,18,27,B
83,98,22,22,40,A
81,98,15,8,27,C
92,92,12,18,50,A
80,93,17,19,15,C
83,78,8,22,38,B
97,76,15,14,33,B
90,94,10,24,39,A
75,85,24,22,10,C
93,86,21,17,19,C
79,98,20,24,32,A
90,93,24,19,35,A
97,97,10,15,31,C
86,99,18,8,44,A
80,91,23,14,41,A
61,70,13,8,17,E
78,77,10,21,35,B
98,83,9,13,44,B
73,63,12,18,16,D
79,95,12,19,35,B
77,95,12,10,50,A
74,74,9,24,15,D
90,91,23,14,42,A
86,99,24,19,46,A
83,80,24,18,21,B
75,75,9,25,16,C
92,93,13,13,46,A
84,88,20,11,45,A
98,87,16,11,35,B
83,79,15,13,24,C
61,66,15,18,9,D
90,82,22,21,44,A
79,88,11,23,22,C
98,98,9,20,50,A
82,97,18,9,40,B
95,99,23,10,41,A
79,78,23,12,46,A
93,79,21,15,16,C
76,84,20,24,9,C
97,89,10,11,39,B
87,80,13,9,33,C
75,96,24,13,45,A
87,76,16,10,41,B
69,71,12,23,11,D
95,93,24,8,36,B
76,86,13,18,46,A
98,90,13,17,35,B
94,88,17,12,43,A
78,78,14,21,17,C
80,94,19,9,24,C
72,66,13,13,15,D
70,64,14,20,14,D
86,83,21,9,41,A
86,90,18,9,48,A
82,93,16,15,38,B
79,76,22,23,32,A
67,65,14,8,26,D
74,70,9,15,12,E
96,80,9,14,46,B
82,91,9,9,43,B
85,80,22,21,23,B
78,85,10,21,34,B
81,98,22,18,16,C
80,90,21,13,17,C
64,66,9,14,16,E
65,61,17,17,14,D
81,85,18,14,31,B
87,81,20,25,46,A
73,60,22,8,18,D
81,88,23,20,19,B
90,79,9,19,22,C
99,98,11,23,21,C
74,72,8,24,10,D
82,88,13,8,39,B
72,75,19,11,10,D
95,82,13,17,38,B
74,60,8,16,11,E
81,84,8,25,30,B
70,71,9,16,18,D
79,81,21,23,22,B
97,90,9,15,46,A
86,93,14,11,41,B
84,92,8,13,46,B
86,94,17,19,34,A
65,69,10,17,21,D
90,84,8,18,25,C
99,80,19,21,50,A
93,94,19,11,25,C
63,69,13,8,19,D
99,97,8,11,38,C
90,83,16,13,41,A
88,95,20,12,27,C
84,93,24,12,14,C
72,60,11,22,15,D
93,81,12,8,48,B
68,71,9,10,29,D
82,91,19,11,20,C
83,96,11,21,32,B
97,95,11,11,29,C
87,76,11,10,35,C
86,98,9,25,18,C
79,84,18,11,43,A
97,94,18,23,21,B
75,98,24,14,48,A
82,87,14,20,46,A
88,76,13,18,24,C
75,74,13,9,11,E
96,88,17,8,39,B
77,94,13,20,35,B
78,94,23,18,34,A
79,98,16,23,29,B
75,81,19,12,44,A
94,79,21,24,36,A
82,86,16,24,46,A
90,75,25,23,25,A
63,73,23,8,15,D
81,86,20,21,41,A
96,81,8,18,44,A
99,75,17,25,42,A
78,90,8,20,50,A
90,98,9,25,23,C
89,77,17,24,31,A
99,91,17,10,26,C
81,96,9,15,48,A
63,68,13,20,11,D
60,74,11,17,19,D
96,95,23,18,22,B
80,94,8,25,44,A
65,64,15,8,8,E
77,92,23,13,21,C
66,74,24,10,15,D
86,86,16,24,18,C
92,93,14,17,34,B
80,95,17,9,28,C
96,85,11,24,46,A
75,64,15,19,13,D
82,81,24,14,39,A
76,85,13,8,29,C
94,75,21,17,30,B
60,72,20,9,14,D
96,77,10,23,26,C
68,70,8,10,30,D
85,84,25,20,33,A
90,82,13,19,43,A
91,82,18,22,18,C
95,91,25,24,17,B
73,71,22,10,11,D
71,68,8,10,17,E
81,88,8,22,42,A
83,85,15,13,45,A
88,97,9,20,27,C
78,94,20,16,48,A
75,93,18,14,50,A
82,77,17,21,43,A
90,87,12,13,47,A
75,85,24,17,32,A
98,77,14,11,29,C
87,95,12,16,50,A
98,79,25,13,36,A
85,76,17,11,50,A
80,79,22,12,19,C
78,90,14,10,39,B
95,84,16,19,28,B
81,95,21,21,50,A
92,78,25,14,41,A
71,73,9,9,23,D
88,94,18,10,28,C
76,75,20,25,25,A
87,86,22,19,19,B
92,83,24,17,38,A
80,95,8,13,40,B
62,61,11,16,9,E
72,63,11,13,20,D
85,89,20,8,26,C
85,99,19,15,20,C
94,97,15,19,30,B
99,83,24,23,17,B
84,81,20,11,30,B
85,84,18,20,45,A
65,74,11,19,14,D
86,92,10,15,35,B
81,75,13,18,23,C
93,88,14,14,29,C
85,99,16,14,43,A
93,99,17,9,25,C
65,64,10,22,10,D
64,75,22,10,8,D
90,80,17,21,33,A
89,86,22,20,17,C
74,63,22,13,14,D
61,74,16,16,12,D
89,85,12,16,44,A
80,76,16,11,50,A
92,99,18,10,27,C
63,62,14,11,18,D
86,99,23,22,29,A
78,76,17,9,42,B
95,82,20,12,27,C
88,93,8,12,41,B
71,62,15,19,8,D
94,94,13,23,28,B
77,89,22,25,15,B
84,86,17,14,40,A
90,78,16,19,38,A
76,97,22,16,39,A
24,38,10,9,8,F
91,97,14,22,26,B
98,78,14,9,37,B
97,99,14,15,49,A
69,71,11,11,8,E
89,76,20,13,20,C
88,94,25,13,45,A
80,78,10,24,16,C
91,99,25,24,40,A
98,98,19,22,32,A
61,71,11,13,14,E
64,65,18,15,13,D
92,97,22,24,45,A
89,87,23,14,47,A
85,83,10,21,41,A
81,91,20,18,26,B
81,90,20,25,17,B
78,88,16,20,37,A
91,93,19,16,50,A
83,94,8,21,39,B
90,81,16,8,28,C
98,96,21,16,44,A
90,81,14,18,23,C
91,86,10,8,38,C
68,74,12,18,18,D
62,63,20,19,8,D
67,70,22,8,19,D
95,80,14,25,16,C
67,63,15,8,11,E
92,89,21,12,19,C
91,86,22,17,38,A
66,72,22,10,10,D
92,87,25,9,20,C
89,76,22,24,49,A
97,76,9,15,33,C
85,86,23,17,43,A
79,75,20,12,43,A
89,89,15,24,32,A
96,99,16,14,30,B
86,78,19,12,29,B
78,95,18,16,22,C
73,62,9,13,13,E
60,65,14,10,22,D
92,90,19,22,29,A
95,83,25,21,46,A
99,77,23,24,8,C
88,84,8,14,41,B
79,77,22,23,43,A
93,95,18,15,31,B
78,80,12,12,40,B
68,70,11,11,26,D
93,93,21,10,43,A
93,82,25,14,22,B
80,85,23,24,45,A
97,92,11,19,34,B
88,99,20,18,41,A
78,90,17,13,49,A
89,83,10,21,35,B
85,81,12,24,15,C
68,67,11,13,17,D
79,76,24,8,20,C
91,97,19,18,29,B
93,93,21,16,38,A
89,91,11,13,45,B
89,95,18,25,41,A
82,96,22,20,22,B
83,75,15,21,16,C
27,37,12,9,8,F
60,61,14,12,10,E
86,81,13,11,26,C
83,85,12,15,47,A
95,88,22,13,18,C
85,91,12,11,37,B
91,93,9,23,44,A
80,76,16,19,31,B
95,78,17,23,26,B
70,72,19,8,10,E
83,91,21,24,24,B
91,99,23,19,24,B
86,82,13,20,36,B
84,97,19,12,24,C
86,84,11,10,35,C
75,91,17,21,38,A
82,83,18,24,15,C
86,95,25,24,12,B
88,85,9,20,25,C
62,69,9,8,21,E
89,80,11,24,28,B
71,67,9,12,15,E
80,88,24,10,41,A
90,90,19,21,25,B
82,87,14,18,24,C
72,67,13,16,12,D
88,79,23,18,19,B
86,85,17,24,45,A
67,64,19,20,9,D
79,84,21,17,46,A
76,83,20,8,46,A
86,99,23,23,31,A
78,84,21,12,46,A
89,96,25,21,21,B
97,77,25,19,42,A
85,88,11,10,37,C
69,73,18,8,20,D
96,93,11,18,49,A
84,79,20,17,37,A
98,85,20,20,16,C
96,85,16,11,37,B
79,83,17,19,48,A
76,97,8,13,29,C
76,98,18,17,40,A
77,90,20,9,29,C
77,98,19,25,17,B
63,68,13,15,13,D
99,83,18,14,23,C
68,68,15,9,16,D
81,93,21,24,43,A
96,76,16,25,39,A
80,88,16,18,42,A
76,90,19,25,9,C
82,92,9,23,41,A
84,92,18,24,20,B
67,63,18,8,14,D
93,89,11,21,22,C
92,85,10,25,48,A
97,92,21,13,41,A
89,75,11,20,34,B
89,95,23,25,47,A
82,94,18,13,28,C
97,78,17,11,33,B
90,78,17,8,25,C
94,91,25,21,12,C
75,77,11,25,36,A
73,74,9,10,24,D
99,81,13,15,22,C
89,86,17,23,21,B
97,88,17,25,50,A
94,75,8,8,50,B
63,62,18,10,12,D
87,93,15,22,16,C
69,66,17,16,16,D
97,82,19,14,32,B
91,91,12,8,36,C
64,66,10,20,16,D
95,88,18,17,22,C
86,91,25,20,28,A
72,65,13,10,10,E
84,83,20,15,18,C
91,75,15,14,49,A
95,79,17,8,43,B
61,69,20,14,10,D
72,69,17,23,8,D
79,75,22,19,26,B
79,75,23,19,32,A
63,60,24,14,10,D
85,86,20,23,31,A
84,78,13,14,50,A
87,76,16,23,45,A
83,75,24,16,24,B
70,68,9,12,23,D
72,75,8,14,10,E
80,96,11,19,50,A
80,82,15,9,34,C
66,72,18,9,11,E
92,96,12,22,19,C
93,90,23,16,20,C
74,75,15,14,12,D
70,66,20,14,9,D
89,87,9,9,42,B
87,93,11,9,33,C
83,92,18,9,30,C
74,70,10,23,14,D
67,66,11,16,19,D
90,77,10,14,34,C
98,84,11,25,37,A
81,88,10,13,36,C
89,97,17,18,15,C
97,81,25,14,50,A
91,85,19,9,45,A
63,67,8,13,10,E
71,64,14,11,10,E
81,84,20,10,47,A
80,98,18,21,14,C
89,77,15,23,37,A
86,75,14,22,38,A
73,62,17,17,15,D
79,91,19,19,26,B
63,73,24,12,11,D
77,97,25,20,8,C
98,79,16,14,45,A
97,80,14,12,45,A
90,85,12,11,31,C
93,93,21,23,8,C
84,77,19,21,40,A
75,87,14,24,34,A
72,63,18,8,12,E
89,99,23,23,49,A
61,63,8,11,22,D
75,76,25,21,47,A
95,90,20,18,20,C
83,94,22,10,50,A
89,91,24,24,27,A
90,84,12,25,27,B
75,85,16,24,28,B
98,96,16,8,27,C
90,93,16,12,38,B
61,65,21,16,12,D
75,95,20,9,30,C
74,64,10,14,24,D
94,99,11,16,47,A
92,79,24,21,32,A
95,83,19,19,21,C
98,84,14,17,25,C
93,76,8,12,37,C
86,75,18,24,41,A
66,73,15,11,19,D
83,75,10,11,31,C
62,66,8,15,18,D
94,93,25,13,26,B
91,92,13,14,38,B
78,77,25,13,39,A
95,90,16,13,50,A
89,90,25,9,28,B
84,98,17,13,50,A
99,93,12,20,19,C
78,95,17,10,48,A
64,63,12,19,18,D
98,95,15,19,32,B
96,98,18,16,36,A
77,77,8,19,48,A
77,88,9,16,45,A
63,70,8,22,10,D
95,89,21,8,37,B
94,92,10,10,45,B
78,87,24,22,13,C
79,87,25,13,50,A
79,82,11,22,31,B
92,91,17,13,35,B
96,96,20,19,24,B
96,76,12,24,36,A
88,92,15,19,33,B
77,83,13,20,42,A
97,86,25,25,25,A
97,76,22,11,49,A
72,70,15,10,22,D
79,94,24,20,37,A
91,84,11,10,41,B
89,99,14,25,11,C
93,81,24,23,17,B
68,63,20,12,13,D
90,87,21,25,21,B
83,75,15,19,29,B
93,94,23,19,17,C
82,87,24,20,43,A
95,82,11,12,39,B
75,97,16,13,30,C
97,81,22,22,21,B
83,76,12,19,28,C
75,98,24,22,37,A
94,78,9,22,19,C
85,92,18,21,13,C
92,80,19,19,15,C
78,87,20,25,49,A
89,78,11,22,35,B
89,91,16,22,23,B
89,81,8,22,20,C
78,77,20,16,17,C
76,86,11,23,50,A
98,95,8,13,33,C
79,77,12,9,48,B
89,84,20,10,33,B
80,97,19,10,27,C
98,88,20,24,39,A
89,96,25,8,42,A
86,94,24,14,19,C
75,68,20,20,9,D
94,97,14,13,40,B
92,81,20,25,25,A
99,97,17,23,11,C
99,81,8,25,40,A
78,77,9,17,39,B
79,90,20,9,36,B
85,93,21,16,26,B
82,98,10,16,46,A
90,93,24,24,9,C
86,98,21,17,24,B
76,80,21,11,22,C
86,85,21,17,16,C
89,80,22,12,47,A
88,88,21,19,25,B
68,62,19,9,12,D
78,99,19,14,46,A
96,81,23,20,14,C
96,98,25,22,14,B
91,94,24,10,48,A
96,92,22,9,23,C
82,99,23,16,50,A
79,85,21,24,44,A
88,76,19,20,47,A
83,83,12,16,38,B
91,91,12,22,41,A
80,91,25,23,48,A
68,69,8,15,15,E
72,63,17,11,16,D
64,62,13,14,9,E
65,72,17,19,8,D
93,81,17,18,35,A
88,84,23,19,47,A
97,84,17,16,49,A
79,94,13,25,26,B
94,94,21,16,42,A
80,92,14,13,49,A
81,86,9,8,41,C
88,91,11,22,48,A
84,93,22,16,49,A
64,67,10,16,16,D
82,81,19,12,29,B
67,68,19,14,13,D
95,92,19,10,23,C
89,92,15,25,34,A
84,84,18,15,23,C
71,73,10,10,22,D
61,71,19,17,12,D
79,76,18,8,46,A
68,69,9,13,11,E
61,64,16,12,14,D
93,78,23,13,40,A
70,62,10,16,8,E
94,86,8,23,28,C
87,83,16,21,33,A
94,93,10,18,32,B
99,80,14,11,35,B
92,80,15,11,48,A
82,95,20,14,31,B
87,96,21,17,36,A
70,64,14,11,14,E
92,82,8,16,43,B
66,68,19,10,17,D
98,97,24,11,32,B
68,72,13,10,12,E
87,75,24,9,46,A
81,78,14,15,24,C
83,75,23,19,43,A
63,60,9,8,13,E
83,99,17,25,12,C
85,93,21,22,9,C
85,92,10,14,29,C
94,87,24,24,18,B
82,85,24,16,34,A
82,85,10,9,33,C
87,91,15,21,49,A
83,97,17,15,20,C
67,62,13,11,25,D
90,82,14,9,47,A
75,84,18,17,40,A
77,92,12,8,48,B
89,99,17,23,49,A
70,64,14,9,18,D
81,88,23,21,33,A
78,83,22,10,46,A
98,81,24,22,14,B
86,83,12,10,45,B
81,96,16,17,33,B
65,71,8,16,11,E
93,78,24,12,38,A
97,99,19,8,46,A
82,91,21,25,38,A
86,82,10,24,28,B
68,62,18,20,8,D
74,65,10,19,17,D
76,89,9,12,38,C
77,89,25,19,11,C
77,89,23,11,18,C
65,69,8,22,11,D
79,79,15,17,40,A
67,60,15,15,16,D
76,84,8,22,38,B
88,84,15,16,38,B
77,94,23,15,22,B
80,96,24,20,17,B
83,86,13,9,29,C
88,92,17,11,31,C
93,85,10,11,31,C
97,77,21,22,42,A
91,87,21,13,48,A
